1,4,AFG,AF,Afganistan,Afghanistan,0,NULL,NULL,NULL,NULL,NULL,1,NULL,NULL,NULL,NULL,0,NULL
2,710,ZAF,ZA,Afrika Selatan,South Africa,0,NULL,NULL,NULL,NULL,NULL,1,NULL,NULL,NULL,NULL,0,NULL
3,140,CAF,CF,"Afrika Tengah, Republik",Central African Republic,0,NULL,NULL,NULL,NULL,NULL,1,NULL,NULL,NULL,NULL,0,NULL
4,248,ALA,AX,"Ã…land, Kepulauan",Ã…land Islands,0,NULL,NULL,NULL,NULL,NULL,1,NULL,NULL,NULL,NULL,0,NULL
5,8,ALB,AL,Albania,Albania,0,NULL,NULL,NULL,NULL,NULL,1,NULL,NULL,NULL,NULL,0,NULL
6,12,DZA,DZ,Aljazair,Algeria,0,NULL,NULL,NULL,NULL,NULL,1,NULL,NULL,NULL,NULL,0,NULL
7,840,USA,US,Amerika Serikat,United States,0,NULL,NULL,NULL,NULL,NULL,1,NULL,NULL,NULL,NULL,0,NULL
8,20,AND,AD,Andorra,Andorra,0,NULL,NULL,NULL,NULL,NULL,1,NULL,NULL,NULL,NULL,0,NULL
9,24,AGO,AO,Angola,Angola,0,NULL,NULL,NULL,NULL,NULL,1,NULL,NULL,NULL,NULL,0,NULL
10,660,AIA,AI,Anguilla,Anguilla,0,NULL,NULL,NULL,NULL,NULL,1,NULL,NULL,NULL,NULL,0,NULL
11,10,ATA,AQ,Antarktika,Antarctica,0,NULL,NULL,NULL,NULL,NULL,1,NULL,NULL,NULL,NULL,0,NULL
12,28,ATG,AG,Antigua dan Barbuda,Antigua and Barbuda,0,NULL,NULL,NULL,NULL,NULL,1,NULL,NULL,NULL,NULL,0,NULL
13,530,ANT,AN,Antillen Belanda,Netherlands Antilles,0,NULL,NULL,NULL,NULL,NULL,1,NULL,NULL,NULL,NULL,0,NULL
14,682,SAU,SA,Arab Saudi,Saudi Arabia,0,NULL,NULL,NULL,NULL,NULL,1,NULL,NULL,NULL,NULL,0,NULL
15,32,ARG,AR,Argentina,Argentina,0,NULL,NULL,NULL,NULL,NULL,1,NULL,NULL,NULL,NULL,0,NULL
16,51,ARM,AM,Armenia,Armenia,0,NULL,NULL,NULL,NULL,NULL,1,NULL,NULL,NULL,NULL,0,NULL
17,533,ABW,AW,Aruba,Aruba,0,NULL,NULL,NULL,NULL,NULL,1,NULL,NULL,NULL,NULL,0,NULL
18,36,AUS,AU,Australia,Australia,0,NULL,NULL,NULL,NULL,NULL,1,NULL,NULL,NULL,NULL,0,NULL
19,40,AUT,AT,Austria,Austria,0,NULL,NULL,NULL,NULL,NULL,1,NULL,NULL,NULL,NULL,0,NULL
20,31,AZE,AZ,Azerbaijan,Azerbaijan,0,NULL,NULL,NULL,NULL,NULL,1,NULL,NULL,NULL,NULL,0,NULL
21,44,BHS,BS,Bahama,Bahamas,0,NULL,NULL,NULL,NULL,NULL,1,NULL,NULL,NULL,NULL,0,NULL
22,48,BHR,BH,Bahrain,Bahrain,0,NULL,NULL,NULL,NULL,NULL,1,NULL,NULL,NULL,NULL,0,NULL
23,50,BGD,BD,Bangladesh,Bangladesh,0,NULL,NULL,NULL,NULL,NULL,1,NULL,NULL,NULL,NULL,0,NULL
24,52,BRB,BB,Barbados,Barbados,0,NULL,NULL,NULL,NULL,NULL,1,NULL,NULL,NULL,NULL,0,NULL
25,528,NLD,NL,Belanda,Netherlands,0,NULL,NULL,NULL,NULL,NULL,1,NULL,NULL,NULL,NULL,0,NULL
26,112,BLR,BY,Belarus,Belarus,0,NULL,NULL,NULL,NULL,NULL,1,NULL,NULL,NULL,NULL,0,NULL
27,56,BEL,BE,Belgia,Belgium,0,NULL,NULL,NULL,NULL,NULL,1,NULL,NULL,NULL,NULL,0,NULL
28,84,BLZ,BZ,Belize,Belize,0,NULL,NULL,NULL,NULL,NULL,1,NULL,NULL,NULL,NULL,0,NULL
29,204,BEN,BJ,Benin,Benin,0,NULL,NULL,NULL,NULL,NULL,1,NULL,NULL,NULL,NULL,0,NULL
30,60,BMU,BM,Bermuda,Bermuda,0,NULL,NULL,NULL,NULL,NULL,1,NULL,NULL,NULL,NULL,0,NULL
31,64,BTN,BT,Bhutan,Bhutan,0,NULL,NULL,NULL,NULL,NULL,1,NULL,NULL,NULL,NULL,0,NULL
32,68,BOL,BO,Bolivia,Bolivia,0,NULL,NULL,NULL,NULL,NULL,1,NULL,NULL,NULL,NULL,0,NULL
33,70,BIH,BA,Bosnia dan Herzegovina,Bosnia and Herzegovina,0,NULL,NULL,NULL,NULL,NULL,1,NULL,NULL,NULL,NULL,0,NULL
34,72,BWA,BW,Botswana,Bostwana,0,NULL,NULL,NULL,NULL,NULL,1,NULL,NULL,NULL,NULL,0,NULL
35,74,BVT,BV,"Bouvet, Pulau",Bouvet Island,0,NULL,NULL,NULL,NULL,NULL,1,NULL,NULL,NULL,NULL,0,NULL
36,76,BRA,BR,Brasil,Brazil,0,NULL,NULL,NULL,NULL,NULL,1,NULL,NULL,NULL,NULL,0,NULL
37,826,GBR,GB,Britania Raya,United Kingdom,0,NULL,NULL,NULL,NULL,NULL,1,NULL,NULL,NULL,NULL,0,NULL
38,96,BRN,BN,Brunei,Brunei Darussalam,0,NULL,NULL,NULL,NULL,NULL,1,NULL,NULL,NULL,NULL,0,NULL
39,100,BGR,BG,Bulgaria,Bulgaria,0,NULL,NULL,NULL,NULL,NULL,1,NULL,NULL,NULL,NULL,0,NULL
40,854,BFA,BF,Burkina Faso,Burkina Faso,0,NULL,NULL,NULL,NULL,NULL,1,NULL,NULL,NULL,NULL,0,NULL
41,108,BDI,BI,Burundi,Burundi,0,NULL,NULL,NULL,NULL,NULL,1,NULL,NULL,NULL,NULL,0,NULL
42,136,CYM,KY,"Cayman, Kepulauan",Cayman Islands,0,NULL,NULL,NULL,NULL,NULL,1,NULL,NULL,NULL,NULL,0,NULL
43,148,TCD,TD,Chad,Chad,0,NULL,NULL,NULL,NULL,NULL,1,NULL,NULL,NULL,NULL,0,NULL
44,203,CZE,CZ,"Ceko, Republik",Czech Republic,0,NULL,NULL,NULL,NULL,NULL,1,NULL,NULL,NULL,NULL,0,NULL
45,152,CHL,CL,Chili,Chile,0,NULL,NULL,NULL,NULL,NULL,1,NULL,NULL,NULL,NULL,0,NULL
46,156,CHN,CN,"Cina, Republik Rakyat",People's Republic of China,0,NULL,NULL,NULL,NULL,NULL,1,NULL,NULL,NULL,NULL,0,NULL
47,166,CCK,CC,"Cocos (Keeling), Kepulauan",Cocos (Keeling) Islands,0,NULL,NULL,NULL,NULL,NULL,1,NULL,NULL,NULL,NULL,0,NULL
48,184,COK,CK,"Cook, Kepulauan",Cook Islands,0,NULL,NULL,NULL,NULL,NULL,1,NULL,NULL,NULL,NULL,0,NULL
49,208,DNK,DK,Denmark,Denmark,0,NULL,NULL,NULL,NULL,NULL,1,NULL,NULL,NULL,NULL,0,NULL
50,262,DJI,DJ,Djibouti,Djibouti,0,NULL,NULL,NULL,NULL,NULL,1,NULL,NULL,NULL,NULL,0,NULL
51,212,DMA,DM,Dominika,Dominica,0,NULL,NULL,NULL,NULL,NULL,1,NULL,NULL,NULL,NULL,0,NULL
52,214,DOM,DO,"Dominika, Republik",Dominican Republic,0,NULL,NULL,NULL,NULL,NULL,1,NULL,NULL,NULL,NULL,0,NULL
53,218,ECU,EC,Ekuador,Ecuador,0,NULL,NULL,NULL,NULL,NULL,1,NULL,NULL,NULL,NULL,0,NULL
54,222,SLV,SV,El Salvador,El Salvador,0,NULL,NULL,NULL,NULL,NULL,1,NULL,NULL,NULL,NULL,0,NULL
55,232,ERI,ER,Eritrea,Eritrea,0,NULL,NULL,NULL,NULL,NULL,1,NULL,NULL,NULL,NULL,0,NULL
56,233,EST,EE,Estonia,Estonia,0,NULL,NULL,NULL,NULL,NULL,1,NULL,NULL,NULL,NULL,0,NULL
57,231,ETH,ET,Ethiopia,Ethiopia,0,NULL,NULL,NULL,NULL,NULL,1,NULL,NULL,NULL,NULL,0,NULL
58,238,FLK,FK,"Falkland, Kepulauan",Falkland Islands,0,NULL,NULL,NULL,NULL,NULL,1,NULL,NULL,NULL,NULL,0,NULL
59,234,FRO,FO,"Faroe, Kepulauan",Faroe Islands,0,NULL,NULL,NULL,NULL,NULL,1,NULL,NULL,NULL,NULL,0,NULL
60,242,FJI,FJ,Fiji,Fiji,0,NULL,NULL,NULL,NULL,NULL,1,NULL,NULL,NULL,NULL,0,NULL
61,608,PHL,PH,Filipina,Philippines,0,NULL,NULL,NULL,NULL,NULL,1,NULL,NULL,NULL,NULL,0,NULL
62,246,FIN,FI,Finlandia,Finland,0,NULL,NULL,NULL,NULL,NULL,1,NULL,NULL,NULL,NULL,0,NULL
63,266,GAB,GA,Gabon,Gabon,0,NULL,NULL,NULL,NULL,NULL,1,NULL,NULL,NULL,NULL,0,NULL
64,270,GMB,GM,Gambia,Gambia,0,NULL,NULL,NULL,NULL,NULL,1,NULL,NULL,NULL,NULL,0,NULL
65,268,GEO,GE,Georgia,Georgia,0,NULL,NULL,NULL,NULL,NULL,1,NULL,NULL,NULL,NULL,0,NULL
66,239,SGS,GS,Georgia Selatan dan Kepulauan Sandwich Selatan,South Georgia and the South Sandwich Islands,0,NULL,NULL,NULL,NULL,NULL,1,NULL,NULL,NULL,NULL,0,NULL
67,288,GHA,GH,Ghana,Ghana,0,NULL,NULL,NULL,NULL,NULL,1,NULL,NULL,NULL,NULL,0,NULL
68,292,GIB,GI,Gibraltar,Gibraltar,0,NULL,NULL,NULL,NULL,NULL,1,NULL,NULL,NULL,NULL,0,NULL
69,304,GRL,GL,Greenland,Greenland,0,NULL,NULL,NULL,NULL,NULL,1,NULL,NULL,NULL,NULL,0,NULL
70,308,GRD,GD,Grenada,Grenada,0,NULL,NULL,NULL,NULL,NULL,1,NULL,NULL,NULL,NULL,0,NULL
71,312,GLP,GP,Guadeloupe,Guadeloupe,0,NULL,NULL,NULL,NULL,NULL,1,NULL,NULL,NULL,NULL,0,NULL
72,316,GUM,GU,Guam,Guam,0,NULL,NULL,NULL,NULL,NULL,1,NULL,NULL,NULL,NULL,0,NULL
73,320,GTM,GT,Guatemala,Guatemala,0,NULL,NULL,NULL,NULL,NULL,1,NULL,NULL,NULL,NULL,0,NULL
74,831,GGY,GG,Guernsey,Guernsey,0,NULL,NULL,NULL,NULL,NULL,1,NULL,NULL,NULL,NULL,0,NULL
75,324,GIN,GN,Guinea,Guinea,0,NULL,NULL,NULL,NULL,NULL,1,NULL,NULL,NULL,NULL,0,NULL
76,624,GNB,GW,Guinea-Bissau,Guinea-Bissau,0,NULL,NULL,NULL,NULL,NULL,1,NULL,NULL,NULL,NULL,0,NULL
77,226,GNQ,GQ,Guinea Khatulistiwa,Equatorial Guinea,0,NULL,NULL,NULL,NULL,NULL,1,NULL,NULL,NULL,NULL,0,NULL
78,328,GUY,GY,Guyana,Guyana,0,NULL,NULL,NULL,NULL,NULL,1,NULL,NULL,NULL,NULL,0,NULL
79,254,GUF,GF,Guyana Perancis,French Guiana,0,NULL,NULL,NULL,NULL,NULL,1,NULL,NULL,NULL,NULL,0,NULL
80,332,HTI,HT,Haiti,Haiti,0,NULL,NULL,NULL,NULL,NULL,1,NULL,NULL,NULL,NULL,0,NULL
81,334,HMD,HM,"Heard dan Kepulauan McDonald, Pulau",Heard Island and McDonald Islands,0,NULL,NULL,NULL,NULL,NULL,1,NULL,NULL,NULL,NULL,0,NULL
82,340,HND,HN,Honduras,Honduras,0,NULL,NULL,NULL,NULL,NULL,1,NULL,NULL,NULL,NULL,0,NULL
83,344,HKG,HK,Hong Kong,Hong Kong,0,NULL,NULL,NULL,NULL,NULL,1,NULL,NULL,NULL,NULL,0,NULL
84,348,HUN,HU,Hongaria,Hungary,0,NULL,NULL,NULL,NULL,NULL,1,NULL,NULL,NULL,NULL,0,NULL
85,352,ISL,IS,Islandia,Iceland,0,NULL,NULL,NULL,NULL,NULL,1,NULL,NULL,NULL,NULL,0,NULL
86,356,IND,IN,India,India,0,NULL,NULL,NULL,NULL,NULL,1,NULL,NULL,NULL,NULL,0,NULL
87,360,IDN,ID,Indonesia,Indonesia,1,NULL,NULL,NULL,NULL,NULL,1,NULL,NULL,NULL,NULL,0,NULL
88,368,IRQ,IQ,Irak,Iraq,0,NULL,NULL,NULL,NULL,NULL,1,NULL,NULL,NULL,NULL,0,NULL
89,364,IRN,IR,Iran,"Iran, Islamic Republic of",0,NULL,NULL,NULL,NULL,NULL,1,NULL,NULL,NULL,NULL,0,NULL
90,372,IRL,IE,"Irlandia, Republik",Republic of Ireland,0,NULL,NULL,NULL,NULL,NULL,1,NULL,NULL,NULL,NULL,0,NULL
91,376,ISR,IL,Israel,Israel,0,NULL,NULL,NULL,NULL,NULL,1,NULL,NULL,NULL,NULL,0,NULL
92,380,ITA,IT,Italia,Italy,0,NULL,NULL,NULL,NULL,NULL,1,NULL,NULL,NULL,NULL,0,NULL
93,388,JAM,JM,Jamaika,Jamaica,0,NULL,NULL,NULL,NULL,NULL,1,NULL,NULL,NULL,NULL,0,NULL
94,392,JPN,JP,Jepang,Japan,0,NULL,NULL,NULL,NULL,NULL,1,NULL,NULL,NULL,NULL,0,NULL
95,276,DEU,DE,Jerman,Germany,0,NULL,NULL,NULL,NULL,NULL,1,NULL,NULL,NULL,NULL,0,NULL
96,832,JEY,JE,Jersey,Jersey,0,NULL,NULL,NULL,NULL,NULL,1,NULL,NULL,NULL,NULL,0,NULL
97,540,NCL,NC,Kaledonia Baru,New Caledonia,0,NULL,NULL,NULL,NULL,NULL,1,NULL,NULL,NULL,NULL,0,NULL
98,116,KHM,KH,Kamboja,Cambodia,0,NULL,NULL,NULL,NULL,NULL,1,NULL,NULL,NULL,NULL,0,NULL
99,120,CMR,CM,Kamerun,Cameroon,0,NULL,NULL,NULL,NULL,NULL,1,NULL,NULL,NULL,NULL,0,NULL
100,124,CAN,CA,Kanada,Canada,0,NULL,NULL,NULL,NULL,NULL,1,NULL,NULL,NULL,NULL,0,NULL
101,398,KAZ,KZ,Kazakhstan,Kazakhstan,0,NULL,NULL,NULL,NULL,NULL,1,NULL,NULL,NULL,NULL,0,NULL
102,404,KEN,KE,Kenya,Kenya,0,NULL,NULL,NULL,NULL,NULL,1,NULL,NULL,NULL,NULL,0,NULL
103,296,KIR,KI,Kiribati,Kiribati,0,NULL,NULL,NULL,NULL,NULL,1,NULL,NULL,NULL,NULL,0,NULL
104,417,KGZ,KG,Kirgizstan,Kyrgyzstan,0,NULL,NULL,NULL,NULL,NULL,1,NULL,NULL,NULL,NULL,0,NULL
105,170,COL,CO,Kolombia,Colombia,0,NULL,NULL,NULL,NULL,NULL,1,NULL,NULL,NULL,NULL,0,NULL
106,174,COM,KM,Komoro,Comoros,0,NULL,NULL,NULL,NULL,NULL,1,NULL,NULL,NULL,NULL,0,NULL
107,178,COG,CG,"Kongo, Republik",Republic of the Congo,0,NULL,NULL,NULL,NULL,NULL,1,NULL,NULL,NULL,NULL,0,NULL
108,180,COD,CD,"Kongo, Republik Demokratik",Democratic Republic of the Congo,0,NULL,NULL,NULL,NULL,NULL,1,NULL,NULL,NULL,NULL,0,NULL
109,410,KOR,KR,"Korea, Republik","Korea, Republic of",0,NULL,NULL,NULL,NULL,NULL,1,NULL,NULL,NULL,NULL,0,NULL
110,408,PRK,KP,"Korea, Republik Rakyat Demokratik","Korea, Demokratic People's Republic of",0,NULL,NULL,NULL,NULL,NULL,1,NULL,NULL,NULL,NULL,0,NULL
111,188,CRI,CR,Kosta Rika,Costa Rica,0,NULL,NULL,NULL,NULL,NULL,1,NULL,NULL,NULL,NULL,0,NULL
112,191,HRV,HR,Kroasia,Croatia,0,NULL,NULL,NULL,NULL,NULL,1,NULL,NULL,NULL,NULL,0,NULL
113,192,CUB,CU,Kuba,Cuba,0,NULL,NULL,NULL,NULL,NULL,1,NULL,NULL,NULL,NULL,0,NULL
114,414,KWT,KW,Kuwait,Kuwait,0,NULL,NULL,NULL,NULL,NULL,1,NULL,NULL,NULL,NULL,0,NULL
115,418,LAO,LA,Laos,Lao People's Democratic Republic,0,NULL,NULL,NULL,NULL,NULL,1,NULL,NULL,NULL,NULL,0,NULL
116,428,LVA,LV,Latvia,Latvia,0,NULL,NULL,NULL,NULL,NULL,1,NULL,NULL,NULL,NULL,0,NULL
117,422,LBN,LB,Lebanon,Lebanon,0,NULL,NULL,NULL,NULL,NULL,1,NULL,NULL,NULL,NULL,0,NULL
118,426,LSO,LS,Lesotho,Lesotho,0,NULL,NULL,NULL,NULL,NULL,1,NULL,NULL,NULL,NULL,0,NULL
119,430,LBR,LR,Liberia,Liberia,0,NULL,NULL,NULL,NULL,NULL,1,NULL,NULL,NULL,NULL,0,NULL
120,434,LBY,LY,Libya,Libyan Arab Jamahiriya,0,NULL,NULL,NULL,NULL,NULL,1,NULL,NULL,NULL,NULL,0,NULL
121,438,LIE,LI,Liechtenstein,Liechtenstein,0,NULL,NULL,NULL,NULL,NULL,1,NULL,NULL,NULL,NULL,0,NULL
122,440,LTU,LT,Lituania,Lithuania,0,NULL,NULL,NULL,NULL,NULL,1,NULL,NULL,NULL,NULL,0,NULL
123,442,LUX,LU,Luksemburg,Luxembourg,0,NULL,NULL,NULL,NULL,NULL,1,NULL,NULL,NULL,NULL,0,NULL
124,446,MAC,MO,Makau,Macao,0,NULL,NULL,NULL,NULL,NULL,1,NULL,NULL,NULL,NULL,0,NULL
125,807,MKD,MK,"Makedonia, Republik",Republic of Macedonia,0,NULL,NULL,NULL,NULL,NULL,1,NULL,NULL,NULL,NULL,0,NULL
126,450,MDG,MG,Madagaskar,Madagascar,0,NULL,NULL,NULL,NULL,NULL,1,NULL,NULL,NULL,NULL,0,NULL
127,454,MWI,MW,Malawi,Malawi,0,NULL,NULL,NULL,NULL,NULL,1,NULL,NULL,NULL,NULL,0,NULL
128,458,MYS,MY,Malaysia,Malaysia,0,NULL,NULL,NULL,NULL,NULL,1,NULL,NULL,NULL,NULL,0,NULL
129,462,MDV,MV,Maladewa,Maldives,0,NULL,NULL,NULL,NULL,NULL,1,NULL,NULL,NULL,NULL,0,NULL
130,466,MLI,ML,Mali,Mali,0,NULL,NULL,NULL,NULL,NULL,1,NULL,NULL,NULL,NULL,0,NULL
131,470,MLT,MT,Malta,Malta,0,NULL,NULL,NULL,NULL,NULL,1,NULL,NULL,NULL,NULL,0,NULL
132,833,IMN,IM,"Man, Pulau",Isle of Man,0,NULL,NULL,NULL,NULL,NULL,1,NULL,NULL,NULL,NULL,0,NULL
133,580,MNP,MP,"Mariana Utara, Kepulauan",Northern Mariana Islands,0,NULL,NULL,NULL,NULL,NULL,1,NULL,NULL,NULL,NULL,0,NULL
134,504,MAR,MA,Maroko,Marocco,0,NULL,NULL,NULL,NULL,NULL,1,NULL,NULL,NULL,NULL,0,NULL
135,584,MHL,MH,"Marshall, Kepulauan",Marshall Islands,0,NULL,NULL,NULL,NULL,NULL,1,NULL,NULL,NULL,NULL,0,NULL
136,474,MTQ,MQ,Martinik,Martinique,0,NULL,NULL,NULL,NULL,NULL,1,NULL,NULL,NULL,NULL,0,NULL
137,478,MRT,MR,Mauritania,Mauritania,0,NULL,NULL,NULL,NULL,NULL,1,NULL,NULL,NULL,NULL,0,NULL
138,480,MUS,MU,Mauritius,Mauritius,0,NULL,NULL,NULL,NULL,NULL,1,NULL,NULL,NULL,NULL,0,NULL
139,175,MYT,YT,Mayotte,Mayotte,0,NULL,NULL,NULL,NULL,NULL,1,NULL,NULL,NULL,NULL,0,NULL
140,484,MEX,MX,Meksiko,Mexico,0,NULL,NULL,NULL,NULL,NULL,1,NULL,NULL,NULL,NULL,0,NULL
141,583,FSM,FM,"Mikronesia, Federasi",Federates States of Micronesia,0,NULL,NULL,NULL,NULL,NULL,1,NULL,NULL,NULL,NULL,0,NULL
142,498,MDA,MD,Moldova,Moldova,0,NULL,NULL,NULL,NULL,NULL,1,NULL,NULL,NULL,NULL,0,NULL
143,818,EGY,EG,Mesir,Egypt,0,NULL,NULL,NULL,NULL,NULL,1,NULL,NULL,NULL,NULL,0,NULL
144,492,MCO,MC,Monako,Monaco,0,NULL,NULL,NULL,NULL,NULL,1,NULL,NULL,NULL,NULL,0,NULL
145,581,UMI,UM,Kepulauan Terluar Kecil Amerika Serikat,United States Minor Outlying Islands,0,NULL,NULL,NULL,NULL,NULL,1,NULL,NULL,NULL,NULL,0,NULL
146,496,MNG,MN,Mongolia,Mongolia,0,NULL,NULL,NULL,NULL,NULL,1,NULL,NULL,NULL,NULL,0,NULL
147,499,MNE,ME,Montenegro,Montenegro,0,NULL,NULL,NULL,NULL,NULL,1,NULL,NULL,NULL,NULL,0,NULL
148,500,MSR,MS,Montserrat,Montserrat,0,NULL,NULL,NULL,NULL,NULL,1,NULL,NULL,NULL,NULL,0,NULL
149,508,MOZ,MZ,Mozambik,Mozambique,0,NULL,NULL,NULL,NULL,NULL,1,NULL,NULL,NULL,NULL,0,NULL
150,104,MMR,MM,Myanmar,Myanmar,0,NULL,NULL,NULL,NULL,NULL,1,NULL,NULL,NULL,NULL,0,NULL
151,516,NAM,NA,Namibia,Namibia,0,NULL,NULL,NULL,NULL,NULL,1,NULL,NULL,NULL,NULL,0,NULL
152,520,NRU,NR,Nauru,Nauru,0,NULL,NULL,NULL,NULL,NULL,1,NULL,NULL,NULL,NULL,0,NULL
153,162,CXR,CX,"Natal, Pulau",Christmas Island,0,NULL,NULL,NULL,NULL,NULL,1,NULL,NULL,NULL,NULL,0,NULL
154,524,NPL,NP,Nepal,Nepal,0,NULL,NULL,NULL,NULL,NULL,1,NULL,NULL,NULL,NULL,0,NULL
155,558,NIC,NI,Nikaragua,Nicaragua,0,NULL,NULL,NULL,NULL,NULL,1,NULL,NULL,NULL,NULL,0,NULL
156,562,NER,NE,Niger,Niger,0,NULL,NULL,NULL,NULL,NULL,1,NULL,NULL,NULL,NULL,0,NULL
157,566,NGA,NG,Nigeria,Nigeria,0,NULL,NULL,NULL,NULL,NULL,1,NULL,NULL,NULL,NULL,0,NULL
158,570,NIU,NU,Niue,Niue,0,NULL,NULL,NULL,NULL,NULL,1,NULL,NULL,NULL,NULL,0,NULL
159,574,NFK,NF,"Norfolk, Pulau",Norfolk Island,0,NULL,NULL,NULL,NULL,NULL,1,NULL,NULL,NULL,NULL,0,NULL
160,578,NOR,NO,Norwegia,Norway,0,NULL,NULL,NULL,NULL,NULL,1,NULL,NULL,NULL,NULL,0,NULL
161,512,OMN,OM,Oman,Oman,0,NULL,NULL,NULL,NULL,NULL,1,NULL,NULL,NULL,NULL,0,NULL
162,586,PAK,PK,Pakistan,Pakistan,0,NULL,NULL,NULL,NULL,NULL,1,NULL,NULL,NULL,NULL,0,NULL
163,585,PLW,PW,Palau,Palau,0,NULL,NULL,NULL,NULL,NULL,1,NULL,NULL,NULL,NULL,0,NULL
164,275,PSE,PS,Palestina,"Palestinian Territory, Occupied",0,NULL,NULL,NULL,NULL,NULL,1,NULL,NULL,NULL,NULL,0,NULL
165,591,PAN,PA,Panama,Panama,0,NULL,NULL,NULL,NULL,NULL,1,NULL,NULL,NULL,NULL,0,NULL
166,384,CIV,CI,Pantai Gading,C?te d'Ivoire,0,NULL,NULL,NULL,NULL,NULL,1,NULL,NULL,NULL,NULL,0,NULL
167,598,PNG,PG,Papua Nugini,Papua New Guinea,0,NULL,NULL,NULL,NULL,NULL,1,NULL,NULL,NULL,NULL,0,NULL
168,600,PRY,PY,Paraguay,Paraguay,0,NULL,NULL,NULL,NULL,NULL,1,NULL,NULL,NULL,NULL,0,NULL
169,250,FRA,FR,Perancis,France,0,NULL,NULL,NULL,NULL,NULL,1,NULL,NULL,NULL,NULL,0,NULL
170,260,ATF,TF,"Perancis Selatan, Teritori",French Southern Territories,0,NULL,NULL,NULL,NULL,NULL,1,NULL,NULL,NULL,NULL,0,NULL
171,604,PER,PE,Peru,Peru,0,NULL,NULL,NULL,NULL,NULL,1,NULL,NULL,NULL,NULL,0,NULL
172,612,PCN,PN,"Pitcairn, Kepulauan",Pitcairn,0,NULL,NULL,NULL,NULL,NULL,1,NULL,NULL,NULL,NULL,0,NULL
173,616,POL,PL,Polandia,Poland,0,NULL,NULL,NULL,NULL,NULL,1,NULL,NULL,NULL,NULL,0,NULL
174,258,PYF,PF,Polinesia Perancis,French Polynesia,0,NULL,NULL,NULL,NULL,NULL,1,NULL,NULL,NULL,NULL,0,NULL
175,620,PRT,PT,Portugal,Portugal,0,NULL,NULL,NULL,NULL,NULL,1,NULL,NULL,NULL,NULL,0,NULL
176,630,PRI,PR,Puerto Riko,Puerto Rico,0,NULL,NULL,NULL,NULL,NULL,1,NULL,NULL,NULL,NULL,0,NULL
177,634,QAT,QA,Qatar,Qatar,0,NULL,NULL,NULL,NULL,NULL,1,NULL,NULL,NULL,NULL,0,NULL
178,638,REU,RE,R?union,R?union,0,NULL,NULL,NULL,NULL,NULL,1,NULL,NULL,NULL,NULL,0,NULL
179,642,ROU,RO,Rumania,Romania,0,NULL,NULL,NULL,NULL,NULL,1,NULL,NULL,NULL,NULL,0,NULL
180,643,RUS,RU,Rusia,Russian Federation,0,NULL,NULL,NULL,NULL,NULL,1,NULL,NULL,NULL,NULL,0,NULL
181,646,RWA,RW,Rwanda,Rwanda,0,NULL,NULL,NULL,NULL,NULL,1,NULL,NULL,NULL,NULL,0,NULL
182,732,ESH,EH,Sahara Barat,Western Sahara,0,NULL,NULL,NULL,NULL,NULL,1,NULL,NULL,NULL,NULL,0,NULL
183,652,BLM,BL,Saint-Barth?lemy,Saint Barth?lemy,0,NULL,NULL,NULL,NULL,NULL,1,NULL,NULL,NULL,NULL,0,NULL
184,654,SHN,SH,"Saint Helena, Ascension, dan Tristan da Cunha","Saint Helena, Ascension and Tristan da Cunha",0,NULL,NULL,NULL,NULL,NULL,1,NULL,NULL,NULL,NULL,0,NULL
185,659,KNA,KN,Saint Kitts dan Nevis,Saint Kitts and Nevis,0,NULL,NULL,NULL,NULL,NULL,1,NULL,NULL,NULL,NULL,0,NULL
186,662,LCA,LC,Saint Lucia,Saint Lucia,0,NULL,NULL,NULL,NULL,NULL,1,NULL,NULL,NULL,NULL,0,NULL
187,663,MAF,MF,Saint Martin (Perancis),Saint Martin (French part),0,NULL,NULL,NULL,NULL,NULL,1,NULL,NULL,NULL,NULL,0,NULL
188,666,SPM,PM,Saint Pierre dan Miquelon,Saint-Pierre and Miquelon,0,NULL,NULL,NULL,NULL,NULL,1,NULL,NULL,NULL,NULL,0,NULL
189,670,VCT,VC,Saint Vincent dan Grenadines,Saint Vincent and the Grenadines,0,NULL,NULL,NULL,NULL,NULL,1,NULL,NULL,NULL,NULL,0,NULL
190,882,WSM,WS,Samoa,Samoa,0,NULL,NULL,NULL,NULL,NULL,1,NULL,NULL,NULL,NULL,0,NULL
191,16,ASM,AS,Samoa Amerika,American Samoa,0,NULL,NULL,NULL,NULL,NULL,1,NULL,NULL,NULL,NULL,0,NULL
192,86,IOT,IO,"Samudra Hindia Britania, Teritori",British Indian Ocean Territory,0,NULL,NULL,NULL,NULL,NULL,1,NULL,NULL,NULL,NULL,0,NULL
193,674,SMR,SM,San Marino,San Marino,0,NULL,NULL,NULL,NULL,NULL,1,NULL,NULL,NULL,NULL,0,NULL
194,678,STP,ST,Sao Tome dan Principe,S?o Tom? and Pr?ncipe,0,NULL,NULL,NULL,NULL,NULL,1,NULL,NULL,NULL,NULL,0,NULL
195,554,NZL,NZ,Selandia Baru,New Zealand,0,NULL,NULL,NULL,NULL,NULL,1,NULL,NULL,NULL,NULL,0,NULL
196,686,SEN,SN,Senegal,Senegal,0,NULL,NULL,NULL,NULL,NULL,1,NULL,NULL,NULL,NULL,0,NULL
197,688,SRB,RS,Serbia,Serbia,0,NULL,NULL,NULL,NULL,NULL,1,NULL,NULL,NULL,NULL,0,NULL
198,690,SYC,SC,Seychelles,Seychelles,0,NULL,NULL,NULL,NULL,NULL,1,NULL,NULL,NULL,NULL,0,NULL
199,694,SLE,SL,Sierra Leone,Sierra Leone,0,NULL,NULL,NULL,NULL,NULL,1,NULL,NULL,NULL,NULL,0,NULL
200,702,SGP,SG,Singapura,Singapore,0,NULL,NULL,NULL,NULL,NULL,1,NULL,NULL,NULL,NULL,0,NULL
201,196,CYP,CY,Siprus,Cyprus,0,NULL,NULL,NULL,NULL,NULL,1,NULL,NULL,NULL,NULL,0,NULL
202,705,SVN,SI,Slovenia,Slovenia,0,NULL,NULL,NULL,NULL,NULL,1,NULL,NULL,NULL,NULL,0,NULL
203,703,SVK,SK,Slowakia,Slovakia,0,NULL,NULL,NULL,NULL,NULL,1,NULL,NULL,NULL,NULL,0,NULL
204,90,SLB,SB,"Solomon, Kepulauan",Salomon Islands,0,NULL,NULL,NULL,NULL,NULL,1,NULL,NULL,NULL,NULL,0,NULL
205,706,SOM,SO,Somalia,Somalia,0,NULL,NULL,NULL,NULL,NULL,1,NULL,NULL,NULL,NULL,0,NULL
206,724,ESP,ES,Spanyol,Spain,0,NULL,NULL,NULL,NULL,NULL,1,NULL,NULL,NULL,NULL,0,NULL
207,144,LKA,LK,Sri Lanka,Sri Lanka,0,NULL,NULL,NULL,NULL,NULL,1,NULL,NULL,NULL,NULL,0,NULL
208,736,SDN,SD,Sudan,Sudan,0,NULL,NULL,NULL,NULL,NULL,1,NULL,NULL,NULL,NULL,0,NULL
209,760,SYR,SY,Suriah,Syrian Arab Republic,0,NULL,NULL,NULL,NULL,NULL,1,NULL,NULL,NULL,NULL,0,NULL
210,740,SUR,SR,Suriname,Suriname,0,NULL,NULL,NULL,NULL,NULL,1,NULL,NULL,NULL,NULL,0,NULL
211,744,SJM,SJ,Svalbard dan Jan Mayen,Svalbard and Jan Mayen,0,NULL,NULL,NULL,NULL,NULL,1,NULL,NULL,NULL,NULL,0,NULL
212,748,SWZ,SZ,Swaziland,Swaziland,0,NULL,NULL,NULL,NULL,NULL,1,NULL,NULL,NULL,NULL,0,NULL
213,752,SWE,SE,Swedia,Sweden,0,NULL,NULL,NULL,NULL,NULL,1,NULL,NULL,NULL,NULL,0,NULL
214,756,CHE,CH,Swiss,Switzerland,0,NULL,NULL,NULL,NULL,NULL,1,NULL,NULL,NULL,NULL,0,NULL
215,158,TWN,TW,Taiwan,Republic of China (Taiwan),0,NULL,NULL,NULL,NULL,NULL,1,NULL,NULL,NULL,NULL,0,NULL
216,762,TJK,TJ,Tajikistan,Tajikistan,0,NULL,NULL,NULL,NULL,NULL,1,NULL,NULL,NULL,NULL,0,NULL
217,132,CPV,CV,Tanjung Verde,Cape Verde,0,NULL,NULL,NULL,NULL,NULL,1,NULL,NULL,NULL,NULL,0,NULL
218,834,TZA,TZ,Tanzania,Tanzania,0,NULL,NULL,NULL,NULL,NULL,1,NULL,NULL,NULL,NULL,0,NULL
219,764,THA,TH,Thailand,Thailand,0,NULL,NULL,NULL,NULL,NULL,1,NULL,NULL,NULL,NULL,0,NULL
220,626,TLS,TL,Timor Leste,Timor Leste,0,NULL,NULL,NULL,NULL,NULL,1,NULL,NULL,NULL,NULL,0,NULL
221,768,TGO,TG,Togo,Togo,0,NULL,NULL,NULL,NULL,NULL,1,NULL,NULL,NULL,NULL,0,NULL
222,772,TKL,TK,Tokelau,Tokelau,0,NULL,NULL,NULL,NULL,NULL,1,NULL,NULL,NULL,NULL,0,NULL
223,776,TON,TO,Tonga,Tonga,0,NULL,NULL,NULL,NULL,NULL,1,NULL,NULL,NULL,NULL,0,NULL
224,780,TTO,TT,Trinidad dan Tobago,Trinidad and Tobago,0,NULL,NULL,NULL,NULL,NULL,1,NULL,NULL,NULL,NULL,0,NULL
225,788,TUN,TN,Tunisia,Tunisia,0,NULL,NULL,NULL,NULL,NULL,1,NULL,NULL,NULL,NULL,0,NULL
226,792,TUR,TR,Turki,Turkey,0,NULL,NULL,NULL,NULL,NULL,1,NULL,NULL,NULL,NULL,0,NULL
227,795,TKM,TM,Turkmenistan,Turkmenistan,0,NULL,NULL,NULL,NULL,NULL,1,NULL,NULL,NULL,NULL,0,NULL
228,796,TCA,TC,"Turks dan Caicos, Kepulauan",Turks and Caicos Islands,0,NULL,NULL,NULL,NULL,NULL,1,NULL,NULL,NULL,NULL,0,NULL
229,798,TUV,TV,Tuvalu,Tuvalu,0,NULL,NULL,NULL,NULL,NULL,1,NULL,NULL,NULL,NULL,0,NULL
230,800,UGA,UG,Uganda,Uganda,0,NULL,NULL,NULL,NULL,NULL,1,NULL,NULL,NULL,NULL,0,NULL
231,804,UKR,UA,Ukraina,Ukraine,0,NULL,NULL,NULL,NULL,NULL,1,NULL,NULL,NULL,NULL,0,NULL
232,784,ARE,AE,Uni Emirat Arab,United Arab Emirates,0,NULL,NULL,NULL,NULL,NULL,1,NULL,NULL,NULL,NULL,0,NULL
233,858,URY,UY,Uruguay,Uruguay,0,NULL,NULL,NULL,NULL,NULL,1,NULL,NULL,NULL,NULL,0,NULL
234,860,UZB,UZ,Uzbekistan,Uzbekistan,0,NULL,NULL,NULL,NULL,NULL,1,NULL,NULL,NULL,NULL,0,NULL
235,548,VUT,VU,Vanuatu,Vanuatu,0,NULL,NULL,NULL,NULL,NULL,1,NULL,NULL,NULL,NULL,0,NULL
236,336,VAT,VA,Vatikan,Vatican City,0,NULL,NULL,NULL,NULL,NULL,1,NULL,NULL,NULL,NULL,0,NULL
237,862,VEN,VE,Venezuela,Venezuela,0,NULL,NULL,NULL,NULL,NULL,1,NULL,NULL,NULL,NULL,0,NULL
238,704,VNM,VN,Vietnam,Viet Nam,0,NULL,NULL,NULL,NULL,NULL,1,NULL,NULL,NULL,NULL,0,NULL
239,850,VIR,VI,"Virgin Amerika Serikat, Kepulauan",U.S. Virgin Islands,0,NULL,NULL,NULL,NULL,NULL,1,NULL,NULL,NULL,NULL,0,NULL
240,92,VGB,VG,"Virgin Britania Raya, Kepulauan",British Virgin Islands,0,NULL,NULL,NULL,NULL,NULL,1,NULL,NULL,NULL,NULL,0,NULL
241,876,WLF,WF,Wallis dan Futuna,Wallis and Futuna,0,NULL,NULL,NULL,NULL,NULL,1,NULL,NULL,NULL,NULL,0,NULL
242,887,YEM,YE,Yaman,Yemen,0,NULL,NULL,NULL,NULL,NULL,1,NULL,NULL,NULL,NULL,0,NULL
243,400,JOR,JO,Yordania,Jordan,0,NULL,NULL,NULL,NULL,NULL,1,NULL,NULL,NULL,NULL,0,NULL
244,300,GRC,GR,Yunani,Greece,0,NULL,NULL,NULL,NULL,NULL,1,NULL,NULL,NULL,NULL,0,NULL
245,894,ZMB,ZM,Zambia,Zambia,0,NULL,NULL,NULL,NULL,NULL,1,NULL,NULL,NULL,NULL,0,NULL
246,716,ZWE,ZW,Zimbabwe,Zimbabwe,0,NULL,NULL,NULL,NULL,NULL,1,NULL,NULL,NULL,NULL,0,NULL
