1, Aceh,87,NULL,NULL,NULL,NULL,NULL,1,NULL,NULL,NULL,NULL,0,NULL,NULL
2, Sumatera Utara,87,NULL,NULL,NULL,NULL,NULL,1,NULL,NULL,NULL,NULL,0,NULL,NULL
3, Bengkulu,87,NULL,NULL,NULL,NULL,NULL,1,NULL,NULL,NULL,NULL,0,NULL,NULL
4, Jambi,87,NULL,NULL,NULL,NULL,NULL,1,NULL,NULL,NULL,NULL,0,NULL,NULL
5, Riau,87,NULL,NULL,NULL,NULL,NULL,1,NULL,NULL,NULL,NULL,0,NULL,NULL
6, Sumatera Barat,87,NULL,NULL,NULL,NULL,NULL,1,NULL,NULL,NULL,NULL,0,NULL,NULL
7, Sumatera Selatan,87,NULL,NULL,NULL,NULL,NULL,1,NULL,NULL,NULL,NULL,0,NULL,NULL
8, Lampung,87,NULL,NULL,NULL,NULL,NULL,1,NULL,NULL,NULL,NULL,0,NULL,NULL
9, Kepulauan Bangka Belitung,87,NULL,NULL,NULL,NULL,NULL,1,NULL,NULL,NULL,NULL,0,NULL,NULL
10, Kepulauan Riau,87,NULL,NULL,NULL,NULL,NULL,1,NULL,NULL,NULL,NULL,0,NULL,NULL
11, Banten,87,NULL,NULL,NULL,NULL,NULL,1,NULL,NULL,NULL,NULL,0,NULL,NULL
12, Jawa Barat,87,NULL,NULL,NULL,NULL,NULL,1,NULL,NULL,NULL,NULL,0,NULL,NULL
13, DKI Jakarta,87,NULL,NULL,NULL,NULL,NULL,1,NULL,NULL,NULL,NULL,0,NULL,NULL
14, Jawa Tengah,87,NULL,NULL,NULL,NULL,NULL,1,NULL,NULL,NULL,NULL,0,NULL,NULL
15, Jawa Timur,87,NULL,NULL,NULL,NULL,NULL,1,NULL,NULL,NULL,NULL,0,NULL,NULL
16, Daerah Istimewa Yogyakarta,87,NULL,NULL,NULL,NULL,NULL,1,NULL,NULL,NULL,NULL,0,NULL,NULL
17, Bali,87,NULL,NULL,NULL,NULL,NULL,1,NULL,NULL,NULL,NULL,0,NULL,NULL
18, Nusa Tenggara Barat,87,NULL,NULL,NULL,NULL,NULL,1,NULL,NULL,NULL,NULL,0,NULL,NULL
19, Nusa Tenggara Timur,87,NULL,NULL,NULL,NULL,NULL,1,NULL,NULL,NULL,NULL,0,NULL,NULL
20, Kalimantan Barat,87,NULL,NULL,NULL,NULL,NULL,1,NULL,NULL,NULL,NULL,0,NULL,NULL
21, Kalimantan Selatan,87,NULL,NULL,NULL,NULL,NULL,1,NULL,NULL,NULL,NULL,0,NULL,NULL
22, Kalimantan Tengah,87,NULL,NULL,NULL,NULL,NULL,1,NULL,NULL,NULL,NULL,0,NULL,NULL
23, Kalimantan Timur,87,NULL,NULL,NULL,NULL,NULL,1,NULL,NULL,NULL,NULL,0,NULL,NULL
24, Gorontalo,87,NULL,NULL,NULL,NULL,NULL,1,NULL,NULL,NULL,NULL,0,NULL,NULL
25, Sulawesi Selatan,87,NULL,NULL,NULL,NULL,NULL,1,NULL,NULL,NULL,NULL,0,NULL,NULL
26, Sulawesi Tenggara,87,NULL,NULL,NULL,NULL,NULL,1,NULL,NULL,NULL,NULL,0,NULL,NULL
27, Sulawesi Tengah,87,NULL,NULL,NULL,NULL,NULL,1,NULL,NULL,NULL,NULL,0,NULL,NULL
28, Sulawesi Utara,87,NULL,NULL,NULL,NULL,NULL,1,NULL,NULL,NULL,NULL,0,NULL,NULL
29, Sulawesi Barat,87,NULL,NULL,NULL,NULL,NULL,1,NULL,NULL,NULL,NULL,0,NULL,NULL
30, Maluku,87,NULL,NULL,NULL,NULL,NULL,1,NULL,NULL,NULL,NULL,0,NULL,NULL
31, Maluku Utara,87,NULL,NULL,NULL,NULL,NULL,1,NULL,NULL,NULL,NULL,0,NULL,NULL
32, Papua,87,NULL,NULL,NULL,NULL,NULL,1,NULL,NULL,NULL,NULL,0,NULL,NULL
33, Papua Barat,87,NULL,NULL,NULL,NULL,NULL,1,NULL,NULL,NULL,NULL,0,NULL,NULL
