60,101/CNI/1/1.1.2/IX/18,,221.01.00,2018-09-24,"Jasa Perencanaan Struktur Ruko AR01, ER01, ER02 & FR03 CitraGrand Cibubur CBD",0.00,0.00,38000000.00,0.00,0.00,0.00,0.00,0.00,0.00,FRIDAWATI,2018-10-01,2018-11-12,0.00,FRIDAWATI,
60,009/CNI/1/1.1.7/I/18,,221.06.00,2018-01-24,Penyelidikan Tanah di Cluster Blok F Perumahan CitraGrand Cibubur CBD,0.00,0.00,13800000.00,0.00,0.00,0.00,0.00,100.00,100.00,UI,2018-01-30,2018-02-07,0.00,UI,
60,045/CNI/1/1.1.7/V/18,,221.06.00,2018-05-25,Jasa Konsultasi Desain Geoteknik,0.00,8350000.00,83500000.00,0.00,0.00,0.00,0.00,0.00,0.00,GEC,2018-06-04,2018-07-18,0.00,GEC,
60,008/CNI/1/1.1.8/I/18,,100.00.00,2018-01-23,Jasa Pembuatan Interior Rumah Contoh Lebar 7 m Cluster Fraser Park 03 No. 03 (Tahap I),46.81,12955230.00,129552300.00,0.00,0.00,0.00,0.00,100.00,100.00,WAHANALEN,2018-01-24,2018-02-28,60651204.77,WAHANALEN,
60,022/CNI/1/1.1.8/III/18,,221.02.00,2018-03-19,Review Desain dan Desain Alternatif Perkuatan Lereng Sisi Sungai di CitraGrand Cibubur CBD,40.00,18000000.00,180000000.00,0.00,0.00,0.00,0.00,100.00,100.00,GEOPRIMA,2018-03-19,2018-04-23,72000000.00,GEOPRIMA,
60,024/CNI/1/1.1.8/III/18,,221.06.00,2018-03-21,Penyelidikan Tanah di Area Lereng STA 1+140 dan STA 1+420 Perumahan CitraGrand Cibubur CBD,0.00,0.00,23200000.00,0.00,0.00,0.00,0.00,100.00,100.00,UI,2018-03-22,2018-04-05,0.00,UI,
60,040/CNI/1/1.1.8/V/18,,221.02.00,2018-05-03,Soil Investigation Area Perkuatan Lereng STA 0+480 - 0+580 CitraGrand Cibubur CBD,50.00,8000000.00,80000000.00,0.00,0.00,0.00,0.00,100.00,100.00,TESTANA,2018-05-05,2018-07-07,40000000.00,TESTANA,
60,063/CNI/1/1.1.8/VII/18,,222.04.00,2018-07-20,"Jasa Konsultasi, Perencanaan dan Pengawasan Rekonstruksi Talud Maccaferi STA 0+480 - 0+580",0.00,0.00,65000000.00,0.00,0.00,0.00,0.00,0.00,0.00,WIBOWO,2018-07-23,2018-12-20,0.00,WIBOWO,
60,085/CNI/1/1.1.8/VIII/18,,221.06.00,2018-08-23,"Penyelidikan Tanah Area Blok ER, FR3, AR01, Bunderan dan WTP CitraGrand Cibubur CBD",0.00,4352500.00,43525000.00,0.00,0.00,0.00,0.00,50.00,50.00,TESTANA,2018-08-28,2018-10-02,0.00,TESTANA,
60,078/CNI/1/1.11.3/VIII/18,,239.00.00,2018-08-14,Bongkar Pasang Huruf Timbul Cibubur CBD dan Logo Ciputra,0.00,1600000.00,16000000.00,0.00,0.00,0.00,0.00,0.00,0.00,PLATBOARD,2018-08-15,2018-08-24,0.00,PLATBOARD,
60,007/CNI/1/1.12.5/I/18,,232.01.00,2018-01-19,Bongkar Pasang Rumput Gajah Mini di Median Gerbang Utama CitraGrand Cibubur CBD,0.00,1466000.00,14660000.00,0.00,0.00,0.00,0.00,100.00,100.00,LOKACIPTA,2018-01-22,2018-02-05,0.00,LOKACIPTA,
60,043/CNI/1/1.12.5/V/18,,232.01.00,2018-05-17,Penanaman Rumput Gajah Area Berm Sisi Bronjong Sungai Cikeas Perumahan CitraGrand Cibubur CBD,0.00,1010000.00,10100000.00,0.00,0.00,0.00,0.00,0.00,0.00,AGRO,2018-05-19,2018-05-26,0.00,AGRO,
60,053/CNI/1/1.12.5/VII/18,,224.01.00,2018-07-02,Penanaman Rumput Gajah Biasa Area Sisi Berm Kiri & Kanan Jalan Boulevard,40.00,2200000.00,22000000.00,10.00,180.00,0.00,0.00,0.00,0.00,LOKACIPTA,2018-07-09,2018-09-07,8800000.00,LOKACIPTA,
60,052/CNI/1/1.12.5/VII/18,,232.01.00,2018-07-02,Penanaman Bambu Jepang di Area Perumahan CitraGrand Cibubur CBD,0.00,880000.00,8800000.00,10.00,90.00,0.00,0.00,0.00,0.00,LOKACIPTA,2018-07-09,2018-08-23,0.00,LOKACIPTA,
60,091/CNI/1/1.12.5/VIII/18,,232.01.00,2018-08-27,Bongkar pasang Tanam Rumput Gajah Mini Area Signage Cibubur CBD Gerbang Utama,0.00,753000.00,7530000.00,10.00,90.00,0.00,0.00,0.00,0.00,LOKACIPTA,2018-08-28,2018-09-11,0.00,LOKACIPTA,
60,090/CNI/1/1.12.5/VIII/18,,240.05.00,2018-08-27,Pembuatan Taman Marketing Office Perumahan CitraGrand Cibubur CBD,0.00,9070000.00,90700000.00,10.00,180.00,0.00,0.00,0.00,0.00,PESONA,2018-08-29,2018-09-19,0.00,PESONA,
60,029/CNI/1/1.13.4/III/18,,239.00.00,2018-03-27,Pemindahan Tenda Marketing Gallery Sementara di CitraGrand Cibubur CBD,50.00,0.00,50000000.00,5.00,60.00,0.00,0.00,100.00,95.00,FERY FIRMANSYAH,2018-03-28,2018-04-05,25000000.00,FERY FIRMANSYAH,
60,044/CNI/1/1.13.4/V/18,,229.00.00,2018-05-21,Bronjong Blok F CitraGrand Cibubur CBD,50.00,39568300.00,395683000.00,5.00,120.00,0.00,0.00,0.00,50.00,MANDROSA,2018-05-30,2018-07-29,197841500.00,MANDROSA,
60,048/CNI/1/1.13.4/V/18    ,,240.05.00,2018-05-28,Parkiran Marketing Office dan Site Office CitraGrand Cibubur CBD,15.00,73149900.00,731499000.00,5.00,90.00,0.00,0.00,65.18,65.18,TITIKINDAH,2018-05-30,2018-08-28,109724850.00,TITIKINDAH,
60,064/CNI/1/1.13.4/VII/18,,239.00.00,2018-07-30,Pembuatan Barikade Uk. 2m x 1m (6 Unit) Perumahan CitraGrand Cibubur CBD,0.00,0.00,3711340.00,0.00,0.00,0.00,0.00,100.00,100.00,EMAN,2018-08-07,2018-08-15,0.00,EMAN,
60,006/CNI/1/1.2.4/I/18,,222.00.00,2018-01-12,Cut dan Fill Blok E di Perumahan CitraGrand Cibubur CBD,15.00,277051909.00,2770519091.00,5.00,90.00,0.00,0.00,88.71,88.71,TITIKINDAH,2018-01-15,2018-05-15,415577863.65,TITIKINDAH,
60,055/CNI/1/1.25.4/VII/18,,239.01.00,2018-07-04,Penyediaan dan Pengelolaan Tenaga Pengamanan BKO di Perumahan CitraGrand Cibubur CBD,0.00,16560000.00,165600000.00,0.00,0.00,0.00,0.00,16.66,16.66,GALANG ESA MANDIRI,2018-07-28,2019-07-27,0.00,GALANG ESA MANDIRI,
60,066/CNI/1/1.25.4/VII/18,,240.05.00,2018-07-31,Jasa Pengecatan Langit-Langit Plafon Marketing Office CitraGrand Cibubur CBD,0.00,0.00,19371282.00,5.00,90.00,0.00,0.00,100.00,95.00,MUNASIR,2018-08-02,2018-08-16,0.00,MUNASIR,
60,030/CNI/1/1.27.3/III/18,,240.05.00,2018-03-28,Pembangunan Arsitektur Marketing Office & Site Office di CitraGrand Cibubur CBD,15.00,105881818.00,1058818182.00,5.00,90.00,0.00,0.00,61.68,61.68,IKA GRIYA,2018-03-28,2018-06-26,158822727.30,IKA GRIYA,
60,031/CNI/1/1.27.3/IV/18,,240.05.00,2018-04-04,Facade Site Office dan Marketing Office CitraGrand Cibubur CBD,30.00,100750000.00,1007500000.00,3.00,120.00,2.00,365.00,55.69,55.69,JAYABERSAUDARA,2018-04-02,2018-07-15,302250000.00,JAYABERSAUDARA,
60,050/CNI/1/1.27.3/VI/18,,240.05.00,2018-06-06,Dinding Penahan Tanah Marketing Office CitraGrand Cibubur CBD,50.00,9700000.00,97000000.00,5.00,120.00,0.00,0.00,0.00,50.00,MANDROSA,2018-06-25,2018-08-24,48500000.00,MANDROSA,
60,060/CNI/1/1.27.3/VII/18,,240.05.00,2018-07-12,Pembuatan Tangga Service ke Atap Marketing Office CitraGrand Cibubur CBD,0.00,0.00,9000000.00,0.00,0.00,0.00,0.00,100.00,100.00,BENGKEL,2018-07-13,2018-07-25,0.00,BENGKEL,
60,069/CNI/1/1.27.3/VIII/18,,240.05.00,2018-08-03,Pembuatan Signage Stainless Marketing Office CitraGrand Cibubur CBD,0.00,0.00,9000000.00,0.00,0.00,0.00,0.00,0.00,0.00,SPARX,2018-08-09,2018-08-30,0.00,SPARX,
60,081/CNI/1/1.27.3/VIII/18,,240.05.00,2018-08-16,Pembuatan Signage Indoor Stainless Lobby Site Office CitraGrand Cibubur CBD,0.00,350000.00,3500000.00,0.00,0.00,0.00,0.00,0.00,0.00,GRAFINDO,2018-08-24,2018-08-31,0.00,GRAFINDO,
60,087/CNI/1/1.27.3/VIII/18,,240.05.00,2018-08-24,Jasa Pasang Plafond Kanopi Depan Marketing Office CitraGrand Cibubur CBD,0.00,0.00,4880150.00,0.00,0.00,0.00,0.00,0.00,0.00,SHUNDA,2018-08-31,2018-09-30,0.00,SHUNDA,
60,071/CNI/1/1.27.3/VIII/18,,240.05.00,2018-08-03,Pembuatan Signage Luar Stainless Marketing Office CitraGrand Cibubur CBD,0.00,0.00,28000000.00,0.00,0.00,0.00,0.00,0.00,0.00,SPARX,2018-08-27,2018-09-17,0.00,SPARX,
60,072/CNI/1/1.27.3/VIII/18,,240.05.00,2018-08-07,Screed Lantai Marketing Office Perumahan CitraGrand Cibubur CBD,0.00,1174635.00,11746350.00,0.00,0.00,0.00,0.00,0.00,0.00,KONTRAKTOR,2018-08-15,2018-08-22,0.00,KONTRAKTOR,
60,086/CNI/1/1.27.3/VIII/18,,240.05.00,2018-08-24,Material Plafond Kanopi Depan Marketing Office CitraGrand Cibubur CBD,0.00,1294850.00,12948500.00,0.00,0.00,0.00,0.00,0.00,0.00,SHUNDA,2018-08-31,2018-09-30,0.00,SHUNDA,
60,092/CNI/1/1.27.3/VIII/18,,240.05.00,2018-08-28,Pembuatan Walk Way Perbaikan Indoor AC VRF Marketing Office CitraGrand Cibubur CBD ,0.00,0.00,20000000.00,0.00,0.00,0.00,0.00,100.00,100.00,BENGKEL,2018-08-30,2018-09-09,0.00,BENGKEL,
60,098/CNI/1/1.27.4/IX/18,,240.05.00,2018-09-05,Partisi Gudang Keuangan dan GA Site Office CitraGrand Cibubur CBD,0.00,0.00,11179487.00,0.00,0.00,0.00,0.00,100.00,100.00,PAINI,2018-09-10,2018-09-17,0.00,PAINI,
60,096/CNI/1/1.27.4/IX/18,,240.05.00,2018-09-03,Pondasi AC VRF Marketing Office CitraGrand Cibubur CBD,0.00,0.00,6871795.00,0.00,0.00,0.00,0.00,100.00,100.00,PAINI,2018-09-04,2018-09-07,0.00,PAINI,
60,074/CNI/1/1.27.4/VIII/18,,225.05.00,2018-08-07,Pasang Grounding dan Penangkal Petir Gedung Site & Marketing Office ,0.00,1361000.00,13610000.00,0.00,0.00,0.00,0.00,100.00,100.00,MAYAGI,2018-08-13,2018-08-18,0.00,MAYAGI,
60,073/CNI/1/1.27.4/VIII/18,,240.05.00,2018-08-07,Migrasi MDF Gedung Site Office Perumahan CitraGrand Cibubur CBD,0.00,640300.00,6403000.00,0.00,0.00,0.00,0.00,100.00,100.00,MAYAGI,2018-08-08,2018-08-10,0.00,MAYAGI,
60,105/CNI/1/1.27.6/IX/18,,240.05.00,2018-09-28,Pemindahan KWH SO & MO CitraGrand Cibubur CBD,0.00,0.00,6244000.00,0.00,0.00,0.00,0.00,100.00,100.00,IYAN,2018-09-29,2018-10-01,0.00,IYAN,
60,075/CNI/1/1.27.6/VIII/18,,240.05.00,2018-08-13,Pondasi Ruang Genset Marketing Office CitraGrand Cibubur CBD,0.00,0.00,17500000.00,0.00,0.00,0.00,0.00,100.00,100.00,PAINI,2018-08-14,2018-08-28,0.00,PAINI,
60,079/CNI/1/1.27.6/VIII/18,,240.05.00,2018-08-16,Jaringan Listrik Parkiran Marketing Office CitraGrand Cibubur CBD,0.00,6600000.00,66000000.00,5.00,90.00,0.00,0.00,0.00,0.00,DAYACIPTA,2018-08-23,2018-09-22,0.00,DAYACIPTA,
60,076/CNI/1/1.27.6/VIII/18,,240.05.00,2018-08-13,Pagar Keliling Ruang Genset Marketing Office CitraGrand Cibubur CBD,0.00,0.00,9000000.00,0.00,0.00,0.00,0.00,100.00,100.00,BENGKEL,2018-08-14,2018-08-21,0.00,BENGKEL,
60,032/CNI/1/1.29.8/IV/18,,240.05.00,2018-04-04,Pengadaan Barang Interior Marketing Office CitraGrand Cibubur CBD,50.00,0.00,1500000000.00,0.00,0.00,0.00,0.00,0.00,50.00,RENOVATIO,2018-04-12,2018-08-30,750000000.00,RENOVATIO,
60,002/CNI/1/1.3.4/I/18,,223.00.00,2018-01-08,Bongkar Pasang Rangka Hoarding Seberang Mall Ciputra Cibubur ,0.00,0.00,9743590.00,0.00,0.00,0.00,0.00,100.00,100.00,SUDARMIN,2018-01-11,2018-01-31,0.00,SUDARMIN,
60,011/CNI/1/1.3.4/I/18,,229.00.00,2018-01-25,Pengadaan dan Pemasangan Pagar Pengaman Besi (Guard Rail) di Atas Bronjong Sisi Sungai Cikeas,30.00,9580000.00,95800000.00,0.00,0.00,0.00,0.00,0.00,30.00,RAJAWALISAKTI,2018-02-05,2018-03-14,28740000.00,RAJAWALISAKTI,
60,018/CNI/1/1.3.4/III/18,,229.00.00,2018-03-06,Pengadaan dan Pemasangan Pagar Pengaman Besi (Guard Rail) di Atas Bronjong Sisi Sungai Cikeas,0.00,14529500.00,145295000.00,0.00,0.00,0.00,0.00,100.00,100.00,CAHAYAMETAL,2018-03-06,2018-03-31,0.00,CAHAYAMETAL,
60,046/CNI/1/1.3.4/V/18,,223.00.00,2018-05-28,Pagar Proyek Sisi Bronjong Sungai,0.00,0.00,45000000.00,0.00,0.00,0.00,0.00,100.00,100.00,BENGKELLAS,2018-05-31,2018-06-12,0.00,BENGKELLAS,
60,084/CNI/1/1.3.4/VIII/18,,223.00.00,2018-08-16,Bongkar Pasang Rangka Hoarding Uk. 4m x 8m Perumahan CitraGrand Cibubur CBD,0.00,0.00,6185567.00,0.00,0.00,0.00,0.00,100.00,100.00,BAMBANG P,2018-08-16,2018-09-10,0.00,BAMBANG P,
60,005/CNI/1/1.4.4/I/18,,221.02.00,2018-01-12,Perkuatan Lereng Sungai STA 0+480 - 0+580 di Perumahan CitraGrand Cibubur CBD,15.00,171954545.00,1719545455.00,5.00,90.00,0.00,0.00,100.00,100.00,TITIKINDAH,2018-01-15,2018-03-16,257931818.25,TITIKINDAH,
60,028/CNI/1/1.4.4/III/18,,224.01.00,2018-03-26,Jalan Beton STA 0+000 s/d STA 0+600 di CitraGrand Cibubur CBD,15.00,453808000.00,4538080000.00,5.00,90.00,0.00,0.00,54.00,54.00,TITIKINDAH,2018-03-27,2018-05-21,680712000.00,TITIKINDAH,
60,015/CNI/1/1.5.6/III/18,,100.00.00,2018-03-05,Pemindahan Jalur Listrik Rumah Contoh L8 (Kantor) CitraGrand Cibubur CBD,0.00,0.00,3963918.00,0.00,0.00,0.00,0.00,100.00,100.00,SIBORANG,2018-03-06,2018-03-07,0.00,SIBORANG,
60,049/CNI/1/1.5.6/V/18,,225.04.00,2018-05-31,Pasang Tiang PJU Boulevard (Tahap I) Perumahan CitraGrand Cibubur CBD,30.00,51950000.00,519500000.00,5.00,90.00,0.00,0.00,81.23,81.23,GLENINDO,2018-06-20,2018-08-29,155850000.00,GLENINDO,
60,003/CNI/1/1.6.4/I/18,,100.00.00,2018-01-08,Sumur Bor Rumah Contoh L 7 CitraGrand Cibubur CBD,0.00,0.00,4000000.00,0.00,0.00,0.00,0.00,100.00,100.00,RW 03,2018-01-10,2018-01-11,0.00,RW 03,
60,047/CNI/1/1.7.4/V/18,,227.01.00,2018-05-28,"Relokasi Jaringan Telepon, Astinet, Indihome dan TV Kabel Perumahan CitraGrand Cibubur CBD",0.00,2632030.00,26320296.00,0.00,0.00,0.00,0.00,100.00,100.00,MAYAGI,2018-05-30,2018-06-20,0.00,MAYAGI,
60,058/CNI/1/1.7.4/VII/18,,240.05.00,2018-07-10,Shalter MDF & Grounding Marketing Office Perumahan CitraGrand Cibubur CBD,0.00,1365833.00,13658333.00,0.00,0.00,0.00,0.00,100.00,100.00,MAYAGI,2018-07-12,2018-07-19,0.00,MAYAGI,
60,025/CNI/1/7.11.3/III/18,,231.01.00,2018-03-21,Pembangunan Gerbang dan Pos Jaga Cluster Fraser Park di CitraGrand Cibubur CBD,15.00,59000000.00,590000000.00,5.00,90.00,0.00,0.00,0.00,0.00,IKA GRIYA,2018-03-26,2018-07-24,88500000.00,IKA GRIYA,
60,070/CNI/1/7.11.3/VIII/18,,231.01.00,2018-08-03,Pembuatan Signage Neon Box Gerbang Cluster Fraser Park,0.00,0.00,45000000.00,0.00,0.00,0.00,0.00,0.00,0.00,SPARX,2018-08-20,2018-09-10,0.00,SPARX,
60,016/CNI/1/7.12.5/III/18,,231.01.00,2018-03-05,Pembuatan Taman PHU Utama Depan Gerbang Cluster Fraser Park Perumahan CitraGrand Cibubur CBD,0.00,7450000.00,74500000.00,10.00,180.00,0.00,0.00,100.00,90.00,LOKACIPTA,2018-03-08,2018-03-31,0.00,LOKACIPTA,
60,020/CNI/1/7.12.5/III/18,,232.01.00,2018-03-09,Pembangunan Gazebo Taman PHU Utama Cluster Fraser Park di CitraGrand Cibubur CBD,50.00,6500000.00,65000000.00,5.00,90.00,0.00,0.00,0.00,0.00,IKA GRIYA,2018-03-12,2018-03-31,32500000.00,IKA GRIYA,
60,021/CNI/1/7.12.5/III/18,,232.01.00,2018-03-15,Pemadatan Area Hardscape Taman PHU Utama Cluster Fraser Park di CitraGrand Cibubur CBD,0.00,1430000.00,14300000.00,5.00,90.00,0.00,0.00,100.00,95.00,TITIKINDAH,2018-03-16,2018-03-22,0.00,TITIKINDAH,
60,019/CNI/1/7.12.5/III/18,,232.01.00,2018-03-07,Pembuatan Hardscape Taman PHU Utama Cluster Fraser Park CitraGrand Cibubur CBD,50.00,8100000.00,81000000.00,5.00,180.00,0.00,0.00,100.00,100.00,HARI,2018-03-09,2018-03-26,40500000.00,HARI,
60,067/CNI/1/7.12.5/VIII/18,,232.01.00,2018-08-01,Pembuatan Taman Gerbang Utama Cluster Fraser Park Perumahan CitraGrand Cibubur CBD,0.00,6100000.00,61000000.00,10.00,180.00,0.00,0.00,0.00,0.00,PESONA,2018-09-03,2018-10-03,0.00,PESONA,
60,023/CNI/1/7.13.4/III/18,,232.01.00,2018-03-20,Pembuatan Finishing Bangku Taman PHU Utama Cluster Fraser Park di CitraGrand Cibubur CBD,0.00,1029991.00,10299910.00,0.00,0.00,0.00,0.00,100.00,100.00,NANDIKARA,2018-03-26,2018-03-31,0.00,NANDIKARA,
60,036/CNI/1/7.26.1/IV/18,,100.00.00,2018-04-17,Pembangunan 7 Unit Rumah Lebar 7 Tipe Standar 7x15 dan 1 Unit Rumah Lebar 7 Tipe Barat 7x12 ,15.00,277150000.00,2771500000.00,3.00,120.00,2.00,365.00,0.00,15.00,IKA GRIYA,2018-04-19,2019-01-14,415725000.00,IKA GRIYA,
60,038/CNI/1/7.26.1/IV/18,,100.00.00,2018-04-17,"Pembangunan 10 Unit Rumah Lebar 6 Tipe Standar 6x10, 6x12, 6x15 dan 6xVar ",15.00,261880000.00,2618800000.00,3.00,120.00,2.00,365.00,41.68,41.68,ARS,2018-04-19,2019-01-14,392820000.00,ARS,
60,037/CNI/1/7.26.1/IV/18,,100.00.00,2018-04-17,Pembangunan 2 Unit Rumah Lebar 6 Tipe Standar 6x12 di Perumahan CitraGrand Cibubur CBD,15.00,52376000.00,523760000.00,3.00,120.00,2.00,365.00,24.41,24.41,ARTHURINDO,2018-04-19,2019-02-13,78564000.00,ARTHURINDO,
60,094/CNI/1/7.26.1/VIII/18,,100.00.00,2018-08-31,"Pembangunan 3 Unit Rumah L 7 Tipe Standar 7x15 (F03/07, F03/09, F03/39)",15.00,103290000.00,1032900000.00,3.00,120.00,2.00,365.00,0.00,0.00,ARTHURINDO,2018-09-05,2019-07-02,154935000.00,ARTHURINDO,
60,093/CNI/1/7.26.1/VIII/18,,100.00.00,2018-08-31,"Pembangunan 4 Unit Rumah Lebar 6 Tipe 6x12 (F06/19), Tipe 6x15 (F05/57),Tipe 6xVar (F05/72, F05/80)",15.00,104752000.00,1047520000.00,3.00,120.00,2.00,365.00,0.00,0.00,ARS,2018-09-05,2019-06-02,157128000.00,ARS,
60,014/CNI/1/7.28.8/III/18,,100.00.00,2018-02-22,Jasa Pembuatan Interior Rumah Contoh Cluster Fraser Park Blok F03 No. 03 Citra Grand Cibubur CBD ,0.00,0.00,408977470.00,0.00,0.00,0.00,0.00,100.00,100.00,RENOVATIO,2018-02-22,2018-03-31,0.00,RENOVATIO,
60,041/CNI/1/7.5.6/V/18,,225.04.00,2018-05-15,Pasang Tiang PJU Cluster Fraser Park (3 Unit) Perumahan CitraGrand Cibubur CBD,50.00,3150000.00,31500000.00,5.00,90.00,0.00,0.00,100.00,95.00,GLENINDO,2018-05-16,2018-06-13,15750000.00,GLENINDO,
60,068/CNI/1/7.5.6/VIII/18,,240.01.00,2018-08-02,Pemasangan Lampu Taman PHU Dekat Gerbang Utama Cluster Fraser Park,0.00,1911100.00,19111000.00,0.00,0.00,0.00,0.00,0.00,0.00,ANUGRAH,2018-08-06,2018-08-20,0.00,ANUGRAH,
60,095/CNI/1/7.6.4/IX/18,,100.00.00,2018-09-03,Pengujian Kapasitas Air Sumur Rumah Contoh Cluster Fraser Park Blok F03/03 ,0.00,1500000.00,15000000.00,0.00,0.00,0.00,0.00,100.00,100.00,REVOLOGY,2018-09-05,2018-09-19,0.00,REVOLOGY,
60,012/CNI/1/9.12.5/II/18,,100.00.00,2018-02-05,Pembuatan Taman Rumah Contoh L 7 FP 3 No. 03 Cluster Fraser Park Perumahan CitraGrand Cibubur CBD ,0.00,2070000.00,20700000.00,10.00,180.00,0.00,0.00,100.00,90.00,LOKACIPTA,2018-02-12,2018-03-05,0.00,LOKACIPTA,
60,001/CNI/Prom/Mkt/I/18,,239.00.00,2018-01-03,Perpanjangan Sewa Billboard Bando Ukuran 6mx12m di Gapura Cikeas Jl. Transyogi Cibubur ,0.00,10000000.00,100000000.00,0.00,0.00,0.00,0.00,100.00,100.00,HARTIKA,2018-01-04,2018-01-11,0.00,HARTIKA,
60,004/CNI/Prom/Mkt/I/18,,239.00.00,2018-01-12,Billboard Uk. 5mx10m di Kranggan Median Jalan (X-Honda Motor) Per 13 Januari 2018 - 12 Januari 2019,0.00,21000000.00,210000000.00,0.00,0.00,0.00,0.00,100.00,100.00,PLATBOARD,2018-01-12,2018-01-13,0.00,PLATBOARD,
60,010/CNI/Prom/Mkt/I/18,,239.00.00,2018-01-25,Billboard Ukuran 5m x 10m di Jl. Margonda Kota Depok Periode 29 Januari 2018 - 28 Januari 2019,30.00,23000000.00,230000000.00,0.00,0.00,0.00,0.00,30.00,60.00,PLATBOARD,2018-01-28,2018-01-29,69000000.00,PLATBOARD,
60,017/CNI/Prom/Mkt/III/18,,239.00.00,2018-03-06,Sewa Billboard Bando Uk.6m x 12m di Gapura Cikeas Periode 1 April 2018 - 30 Juni 2018,0.00,10000000.00,100000000.00,0.00,0.00,0.00,0.00,100.00,100.00,HARTIKA,2018-04-01,2018-04-03,0.00,HARTIKA,
60,033/CNI/Prom/Mkt/IV/18,,239.00.00,2018-04-09,Pemakaian Billboard Uk. 8m x 16m di Jl Tol Jagorawi KM 11+000A Periode 24 April 2018 - 23 April 2019,0.00,31220000.00,312200000.00,0.00,0.00,0.00,0.00,40.00,30.00,PLATBOARD,2018-04-22,2018-04-23,0.00,PLATBOARD,
60,034/CNI/PROM/MKT/IV/18,,239.00.00,2018-04-09,Biaya Pemakaian Billboard Uk. 8m x 16m di Jl Tol Jagorawi KM 11+000A Per 24 Apr 2018 - 23 Apr 2019,0.00,0.00,1287800000.00,0.00,0.00,0.00,0.00,30.00,30.00,PLATBOARD,2018-04-22,2018-04-23,0.00,PLATBOARD,
60,035/CNI/PROM/MKT/IV/18,,232.01.00,2018-04-17,Sewa Tanaman Untuk Booth Pameran di Mal Ciputra Cibubur Periode 19 April 2018 - 19 Desember 2018,0.00,540000.00,5400000.00,0.00,0.00,0.00,0.00,0.00,62.50,DWIKARYAUTAMA,2018-04-18,2018-04-19,0.00,DWIKARYAUTAMA,
60,051/CNI/PROM/MKT/VI/18,,239.00.00,2018-06-29,Sewa Billboard Bando Uk. 6m x 12m di Gapura Cikeas Periode 01 Juli 2018 - 30 September 2018,0.00,11000000.00,110000000.00,0.00,0.00,0.00,0.00,100.00,100.00,HARTIKA,2018-06-30,2018-07-01,0.00,HARTIKA,
60,057/CNI/PROM/MKT/VII/18,,239.00.00,2018-07-09,Sewa Billboard Bando Uk. 6m x 12m di Gapura Cikeas Periode 01 Agustus 2018 - 31 Desember 2018,0.00,22500000.00,225000000.00,0.00,0.00,0.00,0.00,100.00,100.00,HARTIKA,2018-07-24,2018-07-31,0.00,HARTIKA,
60,061/CNI/PROM/MKT/VII/18,,100.00.00,2018-07-13,Pengadaan Signage Rumah Contoh Lebar 7 Cluster Fraser Park,0.00,0.00,2200000.00,0.00,0.00,0.00,0.00,100.00,100.00,SPARX,2018-07-16,2018-07-25,0.00,SPARX,
60,077/CNI/PROM/MKT/VIII/18,,101.04.00,2018-08-14,Perubahan Ukuran Booth Exhibition & Interior CitraGrand Cibubur CBD di Mall Ciputra Cibubur ,0.00,3150000.00,31500000.00,0.00,0.00,0.00,0.00,100.00,100.00,JASON,2018-08-20,2018-08-25,0.00,JASON,
60,026/CNI/1/10.26.2/III/18,,100.00.00,2018-03-22,Pembangunan Ruko FR 01 Cluster Fraser Park di CitraGrand Cibubur CBD ,15.00,517799000.00,5177990000.00,3.00,120.00,2.00,365.00,0.00,15.00,IKA GRIYA,2018-03-26,2018-12-21,776698500.00,IKA GRIYA,
60,027/CNI/1/10.26.2/III/18,,100.00.00,2018-03-22,Pembangunan Ruko FR 02 Cluster Fraser Park di CitraGrand Cibubur CBD ,15.00,418758000.00,4187580000.00,3.00,120.00,2.00,365.00,36.38,36.38,ARTHURINDO,2018-03-26,2018-12-21,628137000.00,ARTHURINDO,
60,056/CNI/1/10.26.2/VII/18,,100.00.00,2018-07-05,Pembangunan Ruko FR 01 Cluster Fraser Park Tahap II di CitraGrand Cibubur CBD,15.00,517799000.00,5177990000.00,3.00,120.00,2.00,365.00,0.00,15.00,IKA GRIYA,2018-07-16,2019-04-12,776698500.00,IKA GRIYA,
