9744,2097,6733,,3,72.00,63.00,1,,57365
9744,2097,6733,,5,72.00,63.00,1,,57366
9744,2097,6733,,7,72.00,63.00,1,,57367
9744,2097,6733,,9,72.00,63.00,1,,57368
9744,2097,6733,,11,72.00,63.00,1,,57369
9744,2097,6733,,15,72.00,63.00,1,,57370
9744,2097,6733,,17,72.00,63.00,1,,57371
9744,2097,6733,,19,72.00,63.00,1,,57372
9744,2097,6733,,21,72.00,63.00,1,,57373
9744,2097,6733,,23,72.00,63.00,1,,57374
9744,2097,6733,,25,72.00,63.00,1,,57375
9744,2097,6733,,27,72.00,63.00,1,,57376
9744,2097,6733,,29,72.00,63.00,1,,57377
9744,2097,6733,,33,72.00,63.00,1,,57378
9744,2097,6733,,35,72.00,63.00,1,,57379
9744,2097,6753,,1,88.00,.00,1,,57380
9744,2097,6753,,37,103.96,.00,1,,57381
9744,2097,6753,,2,107.61,.00,1,,57382
9744,2097,6733,,6,72.00,63.00,1,,57383
9744,2097,6733,,8,72.00,63.00,1,,57384
9744,2097,6733,,10,72.00,63.00,1,,57385
9744,2097,6733,,12,72.00,63.00,1,,57386
9744,2097,6733,,16,72.00,63.00,1,,57387
9744,2097,6733,,18,72.00,63.00,1,,57388
9744,2097,6733,,20,72.00,63.00,1,,57389
9744,2097,6733,,26,72.00,63.00,1,,57390
9744,2097,6733,,28,72.00,63.00,1,,57391
9744,2097,6733,,30,72.00,63.00,1,,57392
9744,2097,6733,,32,72.00,63.00,1,,57393
9744,2097,6733,,36,72.00,63.00,1,,57394
9744,2097,6753,,38,105.37,.00,1,,57395
9744,2097,6753,,F01/01,88.00,63.00,1,,57396
9744,2097,6733,,F1/03,72.00,63.00,1,,57397
9744,2097,6733,,F1/05,72.00,63.00,1,,57398
9744,2097,6733,,F1/07,72.00,63.00,1,,57399
9744,2097,6733,,F1/09,72.00,63.00,1,,57400
9744,2097,6733,,F1/11,72.00,63.00,1,,57401
9744,2097,6733,,F1/13,72.00,63.00,1,,57402
9744,2097,6733,,F1/15,72.00,63.00,1,,57403
9744,2097,6733,,F1/17,72.00,63.00,1,,57404
9744,2097,6733,,F1/19,72.00,63.00,1,,57405
9744,2097,6733,,F1/21,72.00,63.00,1,,57406
9744,2097,6733,,F1/23,72.00,63.00,1,,57407
9744,2097,6733,,F1/25,72.00,63.00,1,,57408
9744,2097,6733,,F1/27,72.00,63.00,1,,57409
9744,2097,6733,,F1/29,72.00,63.00,1,,57410
9744,2097,6733,,F1/31,72.00,63.00,1,,57411
9744,2097,6733,,F1/33,72.00,63.00,1,,57412
9744,2097,6733,,F1/35,72.00,63.00,1,,57413
9744,2097,6753,,F1/37,104.00,63.00,1,,57414
9744,2097,6753,,F01/02,107.60,63.00,1,,57415
9744,2097,6733,,F1/04,72.00,63.00,1,,57416
9744,2097,6733,,F1/06,72.00,63.00,1,,57417
9744,2097,6733,,F1/08,72.00,63.00,1,,57418
9744,2097,6733,,F1/10,72.00,63.00,1,,57419
9744,2097,6733,,F1/12,72.00,63.00,1,,57420
9744,2097,6733,,F1/14,72.00,63.00,1,,57421
9744,2097,6733,,F1/16,72.00,63.00,1,,57422
9744,2097,6733,,F1/18,72.00,63.00,1,,57423
9744,2097,6733,,F1/20,72.00,63.00,1,,57424
9744,2097,6733,,F1/22,72.00,63.00,1,,57425
9744,2097,6733,,F1/24,72.00,63.00,1,,57426
9744,2097,6733,,F1/26,72.00,63.00,1,,57427
9744,2097,6733,,F1/28,72.00,63.00,1,,57428
9744,2097,6733,,F1/30,72.00,63.00,1,,57429
9744,2097,6733,,F1/32,72.00,63.00,1,,57430
9744,2097,6733,,F1/34,72.00,63.00,1,,57431
9744,2097,6733,,F1/36,72.00,63.00,1,,57432
9744,2097,6753,,F1/38,105.40,63.00,1,,57433
9747,2097,6753,,F2/02,254.30,86.00,1,,57434
9747,2097,6744,,F2/04,105.00,86.00,1,,57435
9747,2097,6744,,F2/06,105.00,86.00,1,,57436
9747,2097,6744,,F2/08,105.00,86.00,1,,57437
9747,2097,6744,,F2/10,105.00,86.00,1,,57438
9747,2097,6744,,F2/12,105.00,86.00,1,,57439
9747,2097,6744,,F2/14,105.00,86.00,1,,57440
9747,2097,6744,,F2/16,105.00,86.00,1,,57441
9747,2097,6744,,F2/18,105.00,86.00,1,,57442
9747,2097,6744,,F2/20,105.00,86.00,1,,57443
9747,2097,6744,,F2/22,105.00,86.00,1,,57444
9747,2097,6744,,F2/24,105.00,86.00,1,,57445
9747,2097,6744,,F2/26,105.00,86.00,1,,57446
9747,2097,6744,,F2/28,105.00,86.00,1,,57447
9747,2097,6753,,F2/30,148.30,86.00,1,,57448
9747,2097,6753,,F2/01,135.00,86.00,1,,57449
9747,2097,6744,,F2/03,105.00,86.00,1,,57450
9747,2097,6744,,F2/05,105.00,86.00,1,,57451
9747,2097,6744,,F2/07,105.00,86.00,1,,57452
9747,2097,6744,,F2/09,105.00,86.00,1,,57453
9747,2097,6744,,F2/11,105.00,86.00,1,,57454
9747,2097,6744,,F2/13,105.00,86.00,1,,57455
9747,2097,6744,,F2/15,105.00,86.00,1,,57456
9747,2097,6744,,F2/17,105.00,86.00,1,,57457
9747,2097,6744,,F2/19,105.00,86.00,1,,57458
9747,2097,6744,,F2/21,105.00,86.00,1,,57459
9747,2097,6744,,F2/23,105.00,86.00,1,,57460
9747,2097,6744,,F2/25,105.00,86.00,1,,57461
9747,2097,6744,,F2/27,105.00,86.00,1,,57462
9747,2097,6744,,F2/29,105.00,86.00,1,,57463
9747,2097,6744,,F2/31,105.00,86.00,1,,57464
9747,2097,6753,,F2/33,276.20,86.00,1,,57465
9748,2097,6753,,F3/02,135.00,86.00,1,,57466
9748,2097,6744,,F3/04,105.00,86.00,1,,57467
9748,2097,6744,,F3/06,105.00,86.00,1,,57468
9748,2097,6744,,F3/08,105.00,86.00,1,,57469
9748,2097,6744,,F3/10,105.00,86.00,1,,57470
9748,2097,6744,,F3/12,105.00,86.00,1,,57471
9748,2097,6744,,F3/14,105.00,86.00,1,,57472
9748,2097,6744,,F3/16,105.00,86.00,1,,57473
9748,2097,6744,,F3/18,105.00,86.00,1,,57474
9748,2097,6744,,F3/20,105.00,86.00,1,,57475
9748,2097,6744,,F3/22,105.00,86.00,1,,57476
9748,2097,6744,,F3/24,105.00,86.00,1,,57477
9748,2097,6744,,F3/26,105.00,86.00,1,,57478
9748,2097,6744,,F3/28,105.00,86.00,1,,57479
9748,2097,6744,,F3/30,105.00,86.00,1,,57480
9748,2097,6744,,F3/32,105.00,86.00,1,,57481
9748,2097,6744,,F3/34,105.00,86.00,1,,57482
9748,2097,6744,,F3/36,105.00,86.00,1,,57483
9748,2097,6744,,F3/38,105.00,86.00,1,,57484
9748,2097,6744,,F3/40,105.00,86.00,1,,57485
9748,2097,6744,,F3/42,105.00,86.00,1,,57486
9748,2097,6744,,F3/44,105.00,86.00,1,,57487
9748,2097,6744,,F3/46,105.00,86.00,1,,57488
9748,2097,6744,,F3/48,105.00,86.00,1,,57489
9748,2097,6744,,F3/50,105.00,86.00,1,,57490
9748,2097,6753,,F3/52,198.67,86.00,1,,57491
9748,2097,6753,,F3/01,254.30,86.00,1,,57492
9748,2097,6744,,F3/03,105.00,86.00,1,,57493
9748,2097,6744,,F3/05,105.00,86.00,1,,57494
9748,2097,6744,,F3/07,105.00,86.00,1,,57495
9748,2097,6744,,F3/09,105.00,86.00,1,,57496
9748,2097,6744,,F3/11,105.00,86.00,1,,57497
9748,2097,6744,,F3/13,105.00,86.00,1,,57498
9748,2097,6744,,F3/15,105.00,86.00,1,,57499
9748,2097,6744,,F3/17,105.00,86.00,1,,57500
9748,2097,6744,,F3/19,105.00,86.00,1,,57501
9748,2097,6744,,F3/21,105.00,86.00,1,,57502
9748,2097,6744,,F3/23,105.00,86.00,1,,57503
9748,2097,6744,,F3/25,105.00,86.00,1,,57504
9748,2097,6744,,F3/27,105.00,86.00,1,,57505
9748,2097,6744,,F3/29,105.00,86.00,1,,57506
9748,2097,6744,,F3/31,105.00,86.00,1,,57507
9748,2097,6744,,F3/33,105.00,86.00,1,,57508
9748,2097,6744,,F3/35,105.00,86.00,1,,57509
9748,2097,6744,,F3/37,105.00,86.00,1,,57510
9748,2097,6744,,F3/39,105.00,86.00,1,,57511
9748,2097,6744,,F3/41,105.00,86.00,1,,57512
9748,2097,6744,,F3/43,105.00,86.00,1,,57513
9748,2097,6744,,F3/45,105.00,86.00,1,,57514
9748,2097,6744,,F3/47,105.00,86.00,1,,57515
9748,2097,6744,,F3/49,105.00,86.00,1,,57516
9748,2097,6744,,F3/51,105.00,86.00,1,,57517
9748,2097,6753,,F3/53,127.30,86.00,1,,57518
9748,2097,6744,,F3/52,198.70,86.00,1,,57519
9749,2097,6753,,F5/02,249.50,63.00,1,,57520
9749,2097,6754,,F5/04,90.00,63.00,1,,57521
9749,2097,6754,,F5/06,90.00,63.00,1,,57522
9749,2097,6754,,F5/08,90.00,63.00,1,,57523
9749,2097,6754,,F5/10,90.00,63.00,1,,57524
9749,2097,6754,,F5/12,90.00,63.00,1,,57525
9749,2097,6754,,F5/14,90.00,63.00,1,,57526
9749,2097,6754,,F5/16,90.00,63.00,1,,57527
9749,2097,6754,,F5/18,90.00,63.00,1,,57528
9749,2097,6754,,F5/20,90.00,63.00,1,,57529
9749,2097,6754,,F5/22,90.00,63.00,1,,57530
9749,2097,6754,,F5/24,90.00,63.00,1,,57531
9749,2097,6754,,F5/26,90.00,63.00,1,,57532
9749,2097,6754,,F5/28,90.00,63.00,1,,57533
9749,2097,6754,,F5/30,90.00,63.00,1,,57534
9749,2097,6754,,F5/32,90.00,63.00,1,,57535
9749,2097,6754,,F5/34,90.00,63.00,1,,57536
9749,2097,6754,,F5/36,90.00,63.00,1,,57537
9749,2097,6754,,F5/38,90.00,63.00,1,,57538
9749,2097,6754,,F5/40,90.00,63.00,1,,57539
9749,2097,6754,,F5/42,90.00,63.00,1,,57540
9749,2097,6754,,F5/44,90.00,63.00,1,,57541
9749,2097,6754,,F5/46,90.00,63.00,1,,57542
9749,2097,6754,,F5/48,90.00,63.00,1,,57543
9749,2097,6754,,F5/50,90.00,63.00,1,,57544
9749,2097,6754,,F5/52,90.00,63.00,1,,57545
9749,2097,6754,,F5/54,90.00,63.00,1,,57546
9749,2097,6754,,F5/56,90.00,63.00,1,,57547
9749,2097,6754,,F5/58,90.00,63.00,1,,57548
9749,2097,6754,,F5/60,90.00,63.00,1,,57549
9749,2097,6754,,F5/62,90.00,63.00,1,,57550
9749,2097,6754,,F5/64,90.00,63.00,1,,57551
9749,2097,6754,,F5/66,90.00,63.00,1,,57552
9749,2097,6754,,F5/68,90.00,63.00,1,,57553
9749,2097,6753,,F5/70,132.00,63.00,1,,57554
9749,2097,6753,,F5/01,120.00,63.00,1,,57555
9749,2097,6754,,F5/03,90.00,63.00,1,,57556
9749,2097,6754,,F5/05,90.00,63.00,1,,57557
9749,2097,6754,,F5/07,90.00,63.00,1,,57558
9749,2097,6754,,F5/09,90.00,63.00,1,,57559
9749,2097,6754,,F5/11,90.00,63.00,1,,57560
9749,2097,6754,,F5/13,90.00,63.00,1,,57561
9749,2097,6754,,F5/15,90.00,63.00,1,,57562
9749,2097,6754,,F5/17,90.00,63.00,1,,57563
9749,2097,6754,,F5/19,90.00,63.00,1,,57564
9749,2097,6754,,F5/21,90.00,63.00,1,,57565
9749,2097,6754,,F5/23,90.00,63.00,1,,57566
9749,2097,6754,,F5/25,90.00,63.00,1,,57567
9749,2097,6754,,F5/27,90.00,63.00,1,,57568
9749,2097,6754,,F5/29,90.00,63.00,1,,57569
9749,2097,6754,,F5/31,90.00,63.00,1,,57570
9749,2097,6754,,F5/33,90.00,63.00,1,,57571
9749,2097,6754,,F5/35,90.00,63.00,1,,57572
9749,2097,6754,,F5/37,90.00,63.00,1,,57573
9749,2097,6754,,F5/39,90.00,63.00,1,,57574
9749,2097,6754,,F5/41,90.00,63.00,1,,57575
9749,2097,6754,,F5/43,90.00,63.00,1,,57576
9749,2097,6754,,F5/45,90.00,63.00,1,,57577
9749,2097,6754,,F5/47,90.00,63.00,1,,57578
9749,2097,6754,,F5/49,90.00,63.00,1,,57579
9749,2097,6754,,F5/51,90.00,63.00,1,,57580
9749,2097,6754,,F5/53,90.00,63.00,1,,57581
9749,2097,6754,,F5/55,90.00,63.00,1,,57582
9749,2097,6754,,F5/57,90.00,63.00,1,,57583
9749,2097,6753,,F5/59,155.20,63.00,1,,57584
9751,2097,6753,,F6/02,120.00,63.00,1,,57587
9751,2097,6754,,F6/04,90.00,63.00,1,,57588
9751,2097,6754,,F6/06,90.00,63.00,1,,57589
9751,2097,6754,,F6/08,90.00,63.00,1,,57590
9751,2097,6754,,F6/10,90.00,63.00,1,,57591
9751,2097,6754,,F6/12,90.00,63.00,1,,57592
9751,2097,6754,,F6/14,90.00,63.00,1,,57593
9751,2097,6754,,F6/16,90.00,63.00,1,,57594
9751,2097,6754,,F6/18,90.00,63.00,1,,57595
9751,2097,6754,,F6/20,90.00,63.00,1,,57596
9751,2097,6754,,F6/22,90.00,63.00,1,,57597
9751,2097,6754,,F6/24,90.00,63.00,1,,57598
9751,2097,6754,,F6/26,90.00,63.00,1,,57599
9751,2097,6754,,F6/28,90.00,63.00,1,,57600
9751,2097,6754,,F6/30,90.00,63.00,1,,57601
9751,2097,6754,,F6/32,90.00,63.00,1,,57602
9751,2097,6754,,F6/34,90.00,63.00,1,,57603
9751,2097,6754,,F6/36,90.00,63.00,1,,57604
9751,2097,6754,,F6/38,90.00,63.00,1,,57605
9751,2097,6754,,F6/40,90.00,63.00,1,,57606
9751,2097,6754,,F6/42,90.00,63.00,1,,57607
9751,2097,6754,,F6/44,90.00,63.00,1,,57608
9751,2097,6754,,F6/46,90.00,63.00,1,,57609
9751,2097,6754,,F6/48,90.00,63.00,1,,57610
9751,2097,6754,,F6/50,90.00,63.00,1,,57611
9751,2097,6754,,F6/52,90.00,63.00,1,,57612
9751,2097,6754,,F6/54,90.00,63.00,1,,57613
9751,2097,6754,,F6/56,90.00,63.00,1,,57614
9751,2097,6754,,F6/58,90.00,63.00,1,,57615
9751,2097,6754,,F6/60,90.00,63.00,1,,57616
9751,2097,6754,,F6/62,90.00,63.00,1,,57617
9751,2097,6754,,F6/64,90.00,63.00,1,,57618
9751,2097,6754,,F6/66,90.00,63.00,1,,57619
9751,2097,6754,,F6/68,90.00,63.00,1,,57620
9751,2097,6753,,F6/70,151.00,63.00,1,,57621
9751,2097,6753,,F6/01,199.10,63.00,1,,57622
9751,2097,6733,,F6/03,72.00,63.00,1,,57623
9751,2097,6733,,F6/05,72.00,63.00,1,,57624
9751,2097,6733,,F6/07,72.00,63.00,1,,57625
9751,2097,6733,,F6/09,72.00,63.00,1,,57626
9751,2097,6733,,F6/11,72.00,63.00,1,,57627
9751,2097,6733,,F6/13,72.00,63.00,1,,57628
9751,2097,6733,,F6/15,72.00,63.00,1,,57629
9751,2097,6733,,F6/17,72.00,63.00,1,,57630
9751,2097,6733,,F6/19,72.00,63.00,1,,57631
9751,2097,6733,,F6/21,72.00,63.00,1,,57632
9751,2097,6733,,F6/23,72.00,63.00,1,,57633
9751,2097,6733,,F6/25,72.00,63.00,1,,57634
9751,2097,6733,,F6/27,72.00,63.00,1,,57635
9751,2097,6733,,F6/29,72.00,63.00,1,,57636
9751,2097,6733,,F6/31,72.00,63.00,1,,57637
9751,2097,6733,,F6/33,72.00,63.00,1,,57638
9751,2097,6733,,F6/35,72.00,63.00,1,,57639
9751,2097,6733,,F6/37,72.00,63.00,1,,57640
9751,2097,6733,,F6/39,72.00,63.00,1,,57641
9751,2097,6733,,F6/41,72.00,63.00,1,,57642
9751,2097,6733,,F6/43,72.00,63.00,1,,57643
9751,2097,6733,,F6/45,72.00,63.00,1,,57644
9751,2097,6733,,F6/47,72.00,63.00,1,,57645
9751,2097,6733,,F6/49,72.00,63.00,1,,57646
9751,2097,6753,,F6/51,154.10,63.00,1,,57647
9749,2097,6754,,F5/72,92.35,63.00,1,,57648
9749,2097,6754,,F5/74,92.35,63.00,1,,57649
9749,2097,6754,,F5/76,92.35,63.00,1,,57650
9749,2097,6754,,F5/78,92.35,63.00,1,,57651
9749,2097,6754,,F5/80,92.35,63.00,1,,57652
9749,2097,6754,,F5/82,92.35,63.00,1,,57653
9749,2097,6754,,F5/84,92.35,63.00,1,,57654
9749,2097,6754,,F5/86,92.35,63.00,1,,57655
9749,2097,6754,,F5/88,92.35,63.00,1,,57656
9749,2097,6754,,F5/90,92.35,63.00,1,,57657
9753,2097,6753,,F7/02,105.50,63.00,1,,57658
9753,2097,6759,,F7/04,60.00,63.00,1,,57659
9753,2097,6759,,F7/06,60.00,63.00,1,,57660
9753,2097,6759,,F7/08,60.00,63.00,1,,57661
9753,2097,6759,,F7/10,60.00,63.00,1,,57662
9753,2097,6759,,F7/12,60.00,63.00,1,,57663
9753,2097,6759,,F7/14,60.00,63.00,1,,57664
9753,2097,6759,,F7/16,60.00,63.00,1,,57665
9753,2097,6759,,F7/18,60.00,63.00,1,,57666
9753,2097,6759,,F7/20,60.00,63.00,1,,57667
9753,2097,6759,,F7/22,60.00,63.00,1,,57668
9753,2097,6759,,F7/24,60.00,63.00,1,,57669
9753,2097,6759,,F7/26,60.00,63.00,1,,57670
9753,2097,6759,,F7/28,60.00,63.00,1,,57671
9753,2097,6759,,F7/30,60.00,63.00,1,,57672
9753,2097,6759,,F7/32,60.00,63.00,1,,57673
9753,2097,6759,,F7/34,60.00,63.00,1,,57674
9753,2097,6759,,F7/36,60.00,63.00,1,,57675
9753,2097,6759,,F7/38,60.00,63.00,1,,57676
9753,2097,6759,,F7/40,60.00,63.00,1,,57677
9753,2097,6759,,F7/42,60.00,63.00,1,,57678
9753,2097,6759,,F7/44,60.00,63.00,1,,57679
9753,2097,6759,,F7/46,60.00,63.00,1,,57680
9753,2097,6759,,F7/48,60.00,63.00,1,,57681
9753,2097,6759,,F7/50,60.00,63.00,1,,57682
9753,2097,6759,,F7/52,60.00,63.00,1,,57683
9753,2097,6759,,F7/54,60.00,63.00,1,,57684
9753,2097,6759,,F7/56,60.00,63.00,1,,57685
9753,2097,6759,,F7/58,60.00,63.00,1,,57686
9753,2097,6759,,F7/60,60.00,63.00,1,,57687
9753,2097,6759,,F7/62,60.00,63.00,1,,57688
9753,2097,6753,,F7/01,106.15,63.00,1,,57689
9753,2097,6759,,F7/03,60.00,63.00,1,,57690
9753,2097,6759,,F7/05,60.00,63.00,1,,57691
9753,2097,6759,,F7/07,60.00,63.00,1,,57692
9753,2097,6759,,F7/09,60.00,63.00,1,,57693
9753,2097,6759,,F7/11,60.00,63.00,1,,57694
9753,2097,6759,,F7/13,60.00,63.00,1,,57695
9753,2097,6759,,F7/15,60.00,63.00,1,,57696
9753,2097,6759,,F7/17,60.00,63.00,1,,57697
9753,2097,6759,,F7/19,60.00,63.00,1,,57698
9753,2097,6759,,F7/21,60.00,63.00,1,,57699
9753,2097,6759,,F7/23,60.00,63.00,1,,57700
9753,2097,6759,,F7/25,60.00,63.00,1,,57701
9753,2097,6759,,F7/27,60.00,63.00,1,,57702
9753,2097,6759,,F7/29,60.00,63.00,1,,57703
9753,2097,6759,,F7/31,60.00,63.00,1,,57704
9753,2097,6759,,F7/33,60.00,63.00,1,,57705
9753,2097,6759,,F7/35,60.00,63.00,1,,57706
9753,2097,6759,,F7/37,60.00,63.00,1,,57707
9753,2097,6753,,F7/39,87.40,63.00,1,,57708
9751,2097,6753,,F6/55,1335.18,.00,1,,57709
9754,2097,6753,,F8/01,106.15,63.00,1,,57710
9754,2097,6759,,F8/02,60.00,63.00,1,,57711
9754,2097,6759,,F8/03,60.00,63.00,1,,57712
9754,2097,6759,,F8/04,60.00,63.00,1,,57713
9754,2097,6759,,F8/05,60.00,63.00,1,,57714
9754,2097,6759,,F8/06,60.00,63.00,1,,57715
9754,2097,6759,,F8/07,60.00,63.00,1,,57716
9754,2097,6759,,F8/08,60.00,63.00,1,,57717
9754,2097,6759,,F8/09,60.00,63.00,1,,57718
9754,2097,6759,,F8/10,60.00,63.00,1,,57719
9754,2097,6759,,F8/11,60.00,63.00,1,,57720
9754,2097,6759,,F8/12,60.00,63.00,1,,57721
9754,2097,6759,,F8/13,60.00,63.00,1,,57722
9754,2097,6759,,F8/14,60.00,63.00,1,,57723
9754,2097,6759,,F8/15,60.00,63.00,1,,57724
9754,2097,6759,,F8/16,60.00,63.00,1,,57725
9754,2097,6759,,F8/17,60.00,63.00,1,,57726
9754,2097,6759,,F8/18,60.00,63.00,1,,57727
9754,2097,6759,,F8/19,60.00,63.00,1,,57728
9754,2097,6759,,F8/20,60.00,63.00,1,,57729
9754,2097,6753,,F8/21,87.40,63.00,1,,57730
9755,2097,6753,,E01/01,88.00,.00,1,,57731
9756,2097,6753,,E01/01,202.00,.00,1,,57732
9757,2097,6753,,E01/01,205.00,.00,1,,57733
9757,2097,6753,,E01/02,203.00,.00,1,,57734
9757,2097,6753,,E01/02,205.00,.00,1,,57735
9757,2097,6746,,E01/03,120.00,112.00,1,,57736
9757,2097,6746,,E01/05,120.00,112.00,1,,57737
9757,2097,6746,,E01/06,120.00,112.00,1,,57739
9757,2097,6746,,E01/07,120.00,112.00,1,,57740
9757,2097,6746,,E01/08,120.00,112.00,1,,57742
9757,2097,6746,,E01/09,120.00,112.00,1,,57743
9757,2097,6733,,E01/10,120.00,112.00,1,,57744
9757,2097,6746,,E01/011,120.00,112.00,1,,57745
9757,2097,6746,,E01/11,120.00,112.00,1,,57746
9757,2097,6746,,E01/12,120.00,112.00,1,,57748
9757,2097,6746,,E01/15,120.00,112.00,1,,57750
9757,2097,6746,,E01/16,120.00,112.00,1,,57751
9757,2097,6746,,E01/17,120.00,112.00,1,,57753
9757,2097,6746,,E01/18,120.00,112.00,1,,57755
9757,2097,6746,,E01/19,120.00,112.00,1,,57758
9757,2097,6746,,E01/03,120.00,112.00,1,,57762
9757,2097,6746,,E01/05,120.00,112.00,1,,57763
9757,2097,6746,,E01/07,120.00,112.00,1,,57767
9757,2097,6746,,E01/09,120.00,112.00,1,,57771
9757,2097,6746,,E01/11,120.00,112.00,1,,57779
9757,2097,6746,,E01/15,120.00,112.00,1,,57780
9757,2097,6746,,E01/17,120.00,112.00,1,,57781
9757,2097,6746,,E01/19,120.00,112.00,1,,57782
9757,2097,6746,,E01/21,120.00,112.00,1,,57783
9757,2097,6746,,E01/23,120.00,112.00,1,,57784
9757,2097,6746,,E01/25,120.00,112.00,1,,57785
9757,2097,6746,,E01/27,120.00,112.00,1,,57786
9757,2097,6753,,E01/29,245.00,.00,1,,57787
9757,2097,6746,,E01/06,120.00,112.00,1,,57788
9757,2097,6746,,E01/08,120.00,112.00,1,,57789
9757,2097,6746,,E01/10,120.00,112.00,1,,57790
9757,2097,6746,,E01/12,120.00,112.00,1,,57791
9757,2097,6746,,E01/16,120.00,112.00,1,,57792
9757,2097,6746,,E01/18,120.00,112.00,1,,57793
9757,2097,6746,,E01/20,120.00,112.00,1,,57794
9757,2097,6746,,E01/26,120.00,112.00,1,,57795
9757,2097,6746,,E01/28,120.00,112.00,1,,57796
9757,2097,6746,,E01/30,120.00,112.00,1,,57797
9757,2097,6746,,E01/32,120.00,112.00,1,,57798
9757,2097,6746,,E01/36,120.00,112.00,1,,57799
9757,2097,6753,,E01/38,152.00,.00,1,,57800
9759,2097,6753,,E02/01,377.00,.00,1,,57801
9759,2097,6773,,E02/03,240.00,.00,1,,57802
9759,2097,6773,,E02/05,240.00,.00,1,,57803
9759,2097,6753,,E02/07,240.00,.00,1,,57804
9759,2097,6773,,E02/09,.00,.00,1,,57805
9759,2097,6773,,E02/09,240.00,.00,1,,57806
9759,2097,6773,,E02/11,240.00,.00,1,,57807
9759,2097,6753,,E02/15,240.00,.00,1,,57808
9759,2097,6773,,E02/17,240.00,.00,1,,57809
9759,2097,6773,,E02/07,240.00,.00,1,,57810
9759,2097,6773,,E02/15,240.00,.00,1,,57811
9759,2097,6753,,E02/19,337.00,.00,1,,57812
9759,2097,6753,,E02/02,377.00,.00,1,,57813
9759,2097,6773,,E02/06,240.00,.00,1,,57814
9759,2097,6753,,E02/02,377.00,.00,1,,57815
9759,2097,6753,,E02/08,240.00,.00,1,,57816
9759,2097,6773,,E02/10,240.00,.00,1,,57817
9759,2097,6773,,E02/12,240.00,.00,1,,57818
9759,2097,6773,,E02/16,240.00,.00,1,,57819
9759,2097,6773,,E02/18,240.00,.00,1,,57820
9759,2097,6773,,E02/20,240.00,.00,1,,57821
9759,2097,6773,,E02/26,240.00,.00,1,,57822
9759,2097,6753,,E02/28,510.00,.00,1,,57823
9760,2097,6753,,E03/01,214.00,.00,1,,57824
9760,2097,6746,,E03/03,120.00,112.00,1,,57825
9760,2097,6733,,E03/05,120.00,112.00,1,,57826
9760,2097,6733,,E03/07,120.00,112.00,1,,57827
9760,2097,6733,,E03/09,120.00,112.00,1,,57828
9760,2097,6733,,E03/11,120.00,112.00,1,,57829
9760,2097,6733,,E03/15,120.00,112.00,1,,57830
9760,2097,6733,,E03/17,120.00,112.00,1,,57831
9760,2097,6733,,E03/07,120.00,112.00,1,,57832
9760,2097,6746,,E03/07,120.00,112.00,1,,57833
9760,2097,6746,,E03/09,120.00,112.00,1,,57834
9760,2097,6746,,E03/11,120.00,112.00,1,,57835
9760,2097,6746,,E03/15,120.00,112.00,1,,57836
9760,2097,6746,,E03/17,120.00,112.00,1,,57837
9760,2097,6746,,E03/19,120.00,112.00,1,,57838
9760,2097,6746,,E03/21,120.00,112.00,1,,57839
9760,2097,6746,,E03/23,120.00,112.00,1,,57840
9760,2097,6746,,E03/25,120.00,112.00,1,,57841
9760,2097,6746,,E03/27,120.00,112.00,1,,57842
9760,2097,6746,,E03/29,120.00,112.00,1,,57843
9760,2097,6746,,E03/33,120.00,112.00,1,,57844
9760,2097,6746,,E03/31,120.00,112.00,1,,57845
9760,2097,6753,,E03/37,190.00,.00,1,,57846
9760,2097,6753,,E03/02,214.00,.00,1,,57847
9760,2097,9162,,E03/06,150.00,185.00,1,,57848
9760,2097,6746,,E03/05,120.00,112.00,1,,57849
9760,2097,9162,,E03/08,150.00,185.00,1,,57850
9760,2097,9162,,E03/10,150.00,185.00,1,,57851
9760,2097,6733,,E03/12,120.00,112.00,1,,57852
9760,2097,9162,,E03/12,150.00,185.00,1,,57853
9760,2097,9162,,E03/16,150.00,185.00,1,,57854
9760,2097,9162,,E03/18,150.00,185.00,1,,57855
9760,2097,9162,,E03/20,150.00,185.00,1,,57856
9760,2097,9162,,E03/26,150.00,185.00,1,,57857
9760,2097,6746,,E03/28,120.00,112.00,1,,57858
9760,2097,6746,,E03/30,120.00,112.00,1,,57859
9760,2097,6746,,E03/32,120.00,112.00,1,,57860
9760,2097,6746,,E03/36,120.00,112.00,1,,57861
9760,2097,6746,,E03/38,120.00,112.00,1,,57862
9760,2097,6746,,E03/52,120.00,112.00,1,,57863
9760,2097,6746,,E03/56,120.00,112.00,1,,57864
9760,2097,6746,,E03/58,120.00,112.00,1,,57865
9760,2097,6746,,E03/60,120.00,112.00,1,,57866
9760,2097,6753,,E03/62,226.00,.00,1,,57867
9761,2097,6753,,E05/01,366.00,.00,1,,57868
9761,2097,6747,,E05/02,180.00,135.00,1,,57869
9761,2097,6747,,E05/03,180.00,135.00,1,,57870
9761,2097,6747,,E05/05,180.00,185.00,1,,57871
9761,2097,6747,,E05/06,180.00,135.00,1,,57872
9761,2097,6747,,E05/07,180.00,135.00,1,,57873
9762,2097,6753,,E06/01,366.00,.00,1,,57874
9762,2097,6747,,E06/02,180.00,185.00,1,,57875
9762,2097,6752,,E06/03,180.00,185.00,1,,57876
9762,2097,6747,,E06/05,180.00,135.00,1,,57877
9762,2097,6747,,E06/06,180.00,135.00,1,,57878
9762,2097,6752,,E06/07,180.00,185.00,1,,57879
9763,2097,6774,,ER01/01,67.50,197.00,1,,57880
9763,2097,6775,,ER01/17,67.50,131.00,1,,57881
9763,2097,6775,,ER01/02,67.50,130.00,1,,57882
9763,2097,6775,,ER03,67.50,130.00,1,,57883
9763,2097,6775,,ER01/03,67.50,130.00,1,,57884
9763,2097,6775,,ER01/05,67.50,130.00,1,,57885
9763,2097,6774,,ER01/02,67.50,197.00,1,,57886
9763,2097,6775,,ER01/03,67.50,130.00,1,,57887
9763,2097,6775,,ER01/02,67.50,130.00,1,,57888
9763,2097,6775,,ER01/06,67.50,130.00,1,,57889
9763,2097,6775,,ER01/07,67.50,130.00,1,,57890
9763,2097,6775,,ER01/08,67.50,130.00,1,,57891
9763,2097,6775,,ER01/09,67.50,130.00,1,,57892
9763,2097,6775,,ER01/10,67.50,130.00,1,,57893
9763,2097,6775,,ER01/11,67.50,130.00,1,,57894
9763,2097,6775,,ER01/12,67.50,130.00,1,,57895
9763,2097,6775,,ER01/15,67.50,130.00,1,,57896
9763,2097,6775,,ER01/16,67.50,130.00,1,,57897
9763,2097,6774,,ER02/01,67.50,197.00,1,,57898
9763,2097,6774,,ER02/16,67.50,197.00,1,,57899
9763,2097,6775,,ER02/02,67.50,130.00,1,,57900
9763,2097,6775,,ER02/03,67.50,130.00,1,,57901
9763,2097,6775,,ER02/05,67.50,130.00,1,,57902
9763,2097,6775,,ER02/06,67.50,130.00,1,,57903
9763,2097,6775,,ER02/07,67.50,130.00,1,,57904
9763,2097,6775,,ER02/08,67.50,130.00,1,,57905
9763,2097,6775,,ER02/09,67.50,130.00,1,,57906
9763,2097,6775,,ER02/10,67.50,130.00,1,,57907
9763,2097,6775,,ER02/11,67.50,130.00,1,,57908
9763,2097,6775,,ER02/12,67.50,130.00,1,,57909
9763,2097,6775,,ER02/15,67.50,130.00,1,,57910
9744,2097,6753,,F01/01,96.00,.00,1,,57914
9744,2097,6733,,F01/03,72.00,63.00,1,,57915
9744,2097,6753,,F01/05,146.00,.00,1,,57916
9744,2097,6733,,F01/07,72.00,63.00,1,,57917
9744,2097,6733,,F01/09,72.00,63.00,1,,57918
9744,2097,6733,,F01/11,72.00,63.00,1,,57919
9744,2097,6733,,F01/13,72.00,63.00,1,,57920
9744,2097,6733,,F01/15,72.00,63.00,1,,57921
9744,2097,6733,,F01/17,72.00,63.00,1,,57922
9744,2097,6733,,F01/19,72.00,63.00,1,,57923
9744,2097,6733,,F01/21,72.00,63.00,1,,57924
9744,2097,6733,,F01/23,72.00,63.00,1,,57925
9744,2097,6733,,F01/25,72.00,63.00,1,,57926
9744,2097,6733,,F01/27,72.00,63.00,1,,57927
9744,2097,6733,,F01/29,72.00,63.00,1,,57928
9744,2097,6733,,F01/31,72.00,63.00,1,,57929
9744,2097,6733,,F01/33,72.00,63.00,1,,57930
9744,2097,6733,,F01/35,72.00,63.00,1,,57931
9744,2097,6733,,F01/37,72.00,63.00,1,,57932
9744,2097,6753,,F01/02,108.00,.00,1,,57933
9744,2097,6733,,F01/04,72.00,63.00,1,,57934
9744,2097,6733,,F01/06,72.00,63.00,1,,57935
9744,2097,6733,,F01/08,72.00,63.00,1,,57936
9744,2097,6733,,F01/10,72.00,63.00,1,,57937
9744,2097,6733,,F01/12,72.00,63.00,1,,57938
9744,2097,6733,,F01/14,72.00,63.00,1,,57939
9744,2097,6733,,F01/16,72.00,63.00,1,,57940
9744,2097,6733,,F01/18,72.00,63.00,1,,57941
9744,2097,6733,,F01/20,72.00,63.00,1,,57942
9744,2097,6733,,F01/22,72.00,63.00,1,,57943
9744,2097,6733,,F01/24,72.00,63.00,1,,57944
9744,2097,6733,,F01/26,72.00,63.00,1,,57945
9744,2097,6733,,F01/28,72.00,63.00,1,,57946
9744,2097,6733,,F01/30,72.00,63.00,1,,57947
9744,2097,6733,,F01/32,72.00,63.00,1,,57948
9744,2097,6733,,F01/34,72.00,63.00,1,,57949
9744,2097,6733,,F01/36,72.00,63.00,1,,57950
9744,2097,6753,,F01/38,105.00,.00,1,,57951
9747,2097,6753,,F02/01,135.00,.00,1,,57952
9747,2097,6744,,F02/03,105.00,86.00,1,,57953
9747,2097,6744,,F02/05,105.00,86.00,1,,57954
9747,2097,6744,,F02/07,105.00,86.00,1,,57955
9747,2097,6744,,F02/09,105.00,86.00,1,,57956
9747,2097,6744,,F02/11,105.00,86.00,1,,57957
9747,2097,6744,,F02/13,105.00,86.00,1,,57958
9747,2097,6744,,F02/15,105.00,86.00,1,,57959
9747,2097,6744,,F02/17,105.00,86.00,1,,57960
9747,2097,6744,,F02/19,105.00,86.00,1,,57961
9747,2097,6744,,F02/21,105.00,86.00,1,,57962
9747,2097,6744,,F02/23,105.00,86.00,1,,57963
9747,2097,6744,,F02/25,105.00,86.00,1,,57964
9747,2097,6744,,F02/27,105.00,86.00,1,,57965
9747,2097,6744,,F02/29,105.00,86.00,1,,57966
9747,2097,6744,,F02/31,105.00,86.00,1,,57967
9747,2097,6744,,F02/33,105.00,86.00,1,,57968
9747,2097,6753,,F02/02,254.00,.00,1,,57969
9747,2097,6744,,F02/04,105.00,86.00,1,,57970
9747,2097,6744,,F02/06,105.00,86.00,1,,57971
9747,2097,6744,,F02/08,105.00,86.00,1,,57972
9747,2097,6744,,F02/10,105.00,86.00,1,,57973
9747,2097,6744,,F02/12,105.00,86.00,1,,57974
9747,2097,6744,,F02/14,105.00,86.00,1,,57975
9747,2097,6744,,F02/16,105.00,86.00,1,,57976
9747,2097,6744,,F02/18,105.00,86.00,1,,57977
9747,2097,6744,,F02/20,105.00,86.00,1,,57978
9747,2097,6744,,F02/22,105.00,86.00,1,,57979
9747,2097,6744,,F02/24,105.00,86.00,1,,57980
9747,2097,6744,,F02/26,105.00,86.00,1,,57981
9747,2097,6744,,F02/28,105.00,86.00,1,,57982
9747,2097,6753,,F02/30,148.00,.00,1,,57983
9748,2097,6744,,F3/02,105.00,86.00,1,,57984
9748,2097,6744,,F3/04,105.00,86.00,1,,57985
9748,2097,6744,,F3/06,105.00,86.00,1,,57986
9748,2097,6744,,F3/08,105.00,86.00,1,,57987
9748,2097,6744,,F3/10,105.00,86.00,1,,57988
9748,2097,6744,,F3/12,105.00,86.00,1,,57989
9748,2097,6744,,F3/14,105.00,86.00,1,,57990
9748,2097,6744,,F3/16,105.00,86.00,1,,57991
9748,2097,6744,,F3/18,105.00,86.00,1,,57992
9748,2097,6744,,F3/20,105.00,86.00,1,,57993
9748,2097,6744,,F3/22,105.00,86.00,1,,57994
9748,2097,6744,,F3/24,105.00,86.00,1,,57995
9748,2097,6744,,F3/26,105.00,86.00,1,,57996
9748,2097,6744,,F3/28,105.00,86.00,1,,57997
9748,2097,6744,,F3/30,105.00,86.00,1,,57998
9748,2097,6744,,F3/32,105.00,86.00,1,,57999
9748,2097,6744,,F3/34,105.00,86.00,1,,58000
9748,2097,6744,,F3/36,105.00,86.00,1,,58001
9748,2097,6744,,F3/38,105.00,86.00,1,,58002
9748,2097,6744,,F3/40,105.00,86.00,1,,58003
9748,2097,6744,,F3/42,105.00,86.00,1,,58004
9748,2097,6744,,F3/44,105.00,86.00,1,,58005
9748,2097,6744,,F3/46,105.00,86.00,1,,58006
9748,2097,6744,,F3/48,105.00,86.00,1,,58007
9748,2097,6744,,F3/50,105.00,86.00,1,,58008
9748,2097,6744,,F3/52,105.00,86.00,1,,58009
9748,2097,6753,,F03/01,254.00,.00,1,,58010
9748,2097,6744,,F03/03,105.00,86.00,1,,58011
9748,2097,6744,,F03/05,105.00,86.00,1,,58012
9748,2097,6744,,F03/07,105.00,86.00,1,,58013
9748,2097,6744,,F03/09,105.00,86.00,1,,58014
9748,2097,6744,,F03/11,105.00,86.00,1,,58015
9748,2097,6744,,F03/13,105.00,86.00,1,,58016
9748,2097,6744,,F03/15,105.00,86.00,1,,58017
9748,2097,6744,,F03/17,105.00,86.00,1,,58018
9748,2097,6744,,F03/19,105.00,86.00,1,,58019
9748,2097,6744,,F03/21,105.00,86.00,1,,58020
9748,2097,6744,,F03/23,105.00,86.00,1,,58021
9748,2097,6744,,F03/25,105.00,86.00,1,,58022
9748,2097,6744,,F03/27,105.00,86.00,1,,58023
9748,2097,6744,,F03/29,105.00,86.00,1,,58024
9748,2097,6744,,F03/31,105.00,86.00,1,,58025
9748,2097,6744,,F03/33,105.00,86.00,1,,58026
9748,2097,6744,,F03/35,105.00,86.00,1,,58027
9748,2097,6744,,F03/37,105.00,86.00,1,,58028
9748,2097,6744,,F03/39,105.00,86.00,1,,58029
9748,2097,6744,,F03/41,105.00,86.00,1,,58030
9748,2097,6744,,F03/43,105.00,86.00,1,,58031
9748,2097,6744,,F03/45,105.00,86.00,1,,58032
9748,2097,6744,,F03/47,105.00,86.00,1,,58033
9748,2097,6744,,F03/49,105.00,86.00,1,,58034
9748,2097,6776,,F03/51,105.00,.00,1,,58035
9748,2097,6753,,F03/53,127.00,.00,1,,58036
9748,2097,6753,,F03/02,135.00,.00,1,,58037
9748,2097,6744,,F03/04,105.00,86.00,1,,58038
9748,2097,6744,,F03/06,105.00,86.00,1,,58039
9748,2097,6744,,F03/08,105.00,86.00,1,,58040
9748,2097,6744,,F03/10,105.00,86.00,1,,58041
9748,2097,6744,,F03/12,105.00,86.00,1,,58042
9748,2097,6744,,F03/14,105.00,86.00,1,,58043
9748,2097,6744,,F03/16,105.00,86.00,1,,58044
9748,2097,6744,,F03/18,105.00,86.00,1,,58045
9748,2097,6744,,F03/20,105.00,86.00,1,,58046
9748,2097,6744,,F03/22,105.00,86.00,1,,58047
9748,2097,6744,,F03/24,105.00,86.00,1,,58048
9748,2097,6744,,F03/26,105.00,86.00,1,,58049
9748,2097,6744,,F03/28,105.00,86.00,1,,58050
9748,2097,6744,,F03/30,105.00,86.00,1,,58051
9748,2097,6744,,F03/32,105.00,86.00,1,,58052
9748,2097,6744,,F03/34,105.00,86.00,1,,58053
9748,2097,6744,,F03/36,105.00,86.00,1,,58054
9748,2097,6744,,F03/38,105.00,86.00,1,,58055
9748,2097,6744,,F03/40,105.00,86.00,1,,58056
9748,2097,6744,,F03/42,105.00,86.00,1,,58057
9748,2097,6744,,F03/44,105.00,86.00,1,,58058
9748,2097,6744,,F03/46,105.00,86.00,1,,58059
9748,2097,6744,,F03/48,105.00,86.00,1,,58060
9748,2097,6744,,F03/50,105.00,86.00,1,,58061
9748,2097,6753,,F03/52,199.00,.00,1,,58062
9749,2097,6753,,F05/02,249.00,.00,1,,58063
9749,2097,6754,,F05/04,90.00,63.00,1,,58064
9749,2097,6754,,F05/06,90.00,63.00,1,,58065
9749,2097,6754,,F05/08,90.00,63.00,1,,58066
9749,2097,6754,,F05/10,90.00,63.00,1,,58067
9749,2097,6754,,F05/12,90.00,63.00,1,,58068
9749,2097,6754,,F05/14,90.00,63.00,1,,58069
9749,2097,6754,,F05/16,90.00,63.00,1,,58070
9749,2097,6754,,F05/18,90.00,63.00,1,,58071
9749,2097,6754,,F05/20,90.00,63.00,1,,58072
9749,2097,6754,,F05/22,90.00,63.00,1,,58073
9749,2097,6754,,F05/24,90.00,63.00,1,,58074
9749,2097,6754,,F05/26,90.00,63.00,1,,58075
9749,2097,6754,,F05/28,90.00,63.00,1,,58076
9749,2097,6754,,F05/30,90.00,63.00,1,,58077
9749,2097,6754,,F05/32,90.00,63.00,1,,58078
9749,2097,6754,,F05/34,90.00,63.00,1,,58079
9749,2097,6754,,F05/36,90.00,63.00,1,,58080
9749,2097,6754,,F05/38,90.00,63.00,1,,58081
9749,2097,6754,,F05/40,90.00,63.00,1,,58082
9749,2097,6754,,F05/42,90.00,63.00,1,,58083
9749,2097,6754,,F05/44,90.00,63.00,1,,58084
9749,2097,6754,,F05/46,90.00,63.00,1,,58085
9749,2097,6754,,F05/48,90.00,63.00,1,,58086
9749,2097,6754,,F05/50,90.00,63.00,1,,58087
9749,2097,6754,,F05/52,90.00,63.00,1,,58088
9749,2097,6754,,F05/54,90.00,63.00,1,,58089
9749,2097,6754,,F05/56,90.00,63.00,1,,58090
9749,2097,6754,,F05/58,90.00,63.00,1,,58091
9749,2097,6754,,F05/60,90.00,63.00,1,,58092
9749,2097,6754,,F05/62,90.00,63.00,1,,58093
9749,2097,6754,,F05/64,90.00,63.00,1,,58094
9749,2097,6754,,F05/66,90.00,63.00,1,,58095
9749,2097,6754,,F05/68,90.00,63.00,1,,58096
9749,2097,6753,,F05/70,132.00,.00,1,,58097
9749,2097,6753,,F05/01,120.00,.00,1,,58098
9749,2097,6754,,F05/03,90.00,63.00,1,,58099
9749,2097,6754,,F05/05,90.00,63.00,1,,58100
9749,2097,6754,,F05/07,90.00,63.00,1,,58101
9749,2097,6754,,F05/09,90.00,63.00,1,,58102
9749,2097,6754,,F05/11,90.00,63.00,1,,58103
9749,2097,6754,,F05/13,90.00,63.00,1,,58104
9749,2097,6754,,F05/15,90.00,63.00,1,,58105
9749,2097,6754,,F05/17,90.00,63.00,1,,58106
9749,2097,6754,,F05/19,90.00,63.00,1,,58107
9749,2097,6754,,F05/21,90.00,63.00,1,,58108
9749,2097,6754,,F05/23,90.00,63.00,1,,58109
9749,2097,6754,,F05/25,90.00,63.00,1,,58110
9749,2097,6754,,F05/27,90.00,63.00,1,,58111
9749,2097,6754,,F05/29,90.00,63.00,1,,58112
9749,2097,6754,,F05/31,90.00,63.00,1,,58113
9749,2097,6754,,F05/33,90.00,63.00,1,,58114
9749,2097,6754,,F05/35,90.00,63.00,1,,58115
9749,2097,6754,,F05/37,90.00,63.00,1,,58116
9749,2097,6754,,F05/39,90.00,63.00,1,,58117
9749,2097,6754,,F05/41,90.00,63.00,1,,58118
9749,2097,6754,,F05/43,90.00,63.00,1,,58119
9749,2097,6754,,F05/45,90.00,63.00,1,,58120
9749,2097,6754,,F05/47,90.00,63.00,1,,58121
9749,2097,6754,,F05/49,90.00,63.00,1,,58122
9749,2097,6754,,F05/51,90.00,63.00,1,,58123
9749,2097,6754,,F05/53,90.00,63.00,1,,58124
9749,2097,6754,,F05/55,90.00,63.00,1,,58125
9749,2097,6754,,F05/57,90.00,63.00,1,,58126
9749,2097,6753,,F05/59,155.00,.00,1,,58127
9749,2097,6777,,F05/72,92.00,63.00,1,,58128
9749,2097,6754,,F05/74,90.00,63.00,1,,58129
9749,2097,6777,,F05/76,92.00,63.00,1,,58130
9749,2097,6777,,F05/78,92.00,63.00,1,,58131
9749,2097,6777,,F05/80,92.00,63.00,1,,58132
9749,2097,6777,,F05/82,92.00,63.00,1,,58133
9749,2097,6754,,F05/84,90.00,63.00,1,,58134
9749,2097,6777,,F05/86,92.00,63.00,1,,58135
9749,2097,6777,,F05/88,92.00,63.00,1,,58136
9749,2097,6754,,F05/90,90.00,63.00,1,,58137
9751,2097,6753,,F06/02,120.00,.00,1,,58138
9751,2097,6754,,F06/04,90.00,63.00,1,,58139
9751,2097,6754,,F06/06,90.00,63.00,1,,58140
9751,2097,6754,,F06/08,90.00,63.00,1,,58141
9751,2097,6754,,F06/10,90.00,63.00,1,,58142
9751,2097,6754,,F06/12,90.00,63.00,1,,58143
9751,2097,6754,,F06/14,90.00,63.00,1,,58144
9751,2097,6754,,F06/16,90.00,63.00,1,,58145
9751,2097,6754,,F06/18,90.00,63.00,1,,58146
9751,2097,6754,,F06/20,90.00,63.00,1,,58147
9751,2097,6754,,F06/22,90.00,63.00,1,,58148
9751,2097,6754,,F06/24,90.00,63.00,1,,58149
9751,2097,6754,,F06/26,90.00,63.00,1,,58150
9751,2097,6754,,F06/28,90.00,63.00,1,,58151
9751,2097,6754,,F06/30,90.00,63.00,1,,58152
9751,2097,6754,,F06/32,90.00,63.00,1,,58153
9751,2097,6754,,F06/34,90.00,63.00,1,,58154
9751,2097,6754,,F06/36,90.00,63.00,1,,58155
9751,2097,6754,,F06/38,90.00,63.00,1,,58156
9751,2097,6754,,F06/40,90.00,63.00,1,,58157
9751,2097,6754,,F06/42,90.00,63.00,1,,58158
9751,2097,6754,,F06/44,90.00,63.00,1,,58159
9751,2097,6754,,F06/46,90.00,63.00,1,,58160
9751,2097,6754,,F06/48,90.00,63.00,1,,58161
9751,2097,6754,,F06/50,90.00,63.00,1,,58162
9751,2097,6754,,F06/52,90.00,63.00,1,,58163
9751,2097,6754,,F06/54,90.00,63.00,1,,58164
9751,2097,6754,,F06/56,90.00,63.00,1,,58165
9751,2097,6754,,F06/58,90.00,63.00,1,,58166
9751,2097,6754,,F06/60,90.00,63.00,1,,58167
9751,2097,6754,,F06/62,90.00,63.00,1,,58168
9751,2097,6754,,F06/64,90.00,63.00,1,,58169
9751,2097,6754,,F06/66,90.00,63.00,1,,58170
9751,2097,6754,,F06/68,90.00,63.00,1,,58171
9751,2097,6753,,F06/70,151.00,.00,1,,58172
9751,2097,6753,,F06/01,199.00,.00,1,,58173
9751,2097,6733,,F06/03,72.00,63.00,1,,58174
9751,2097,6733,,F06/05,72.00,63.00,1,,58175
9751,2097,6733,,F06/07,72.00,63.00,1,,58176
9751,2097,6733,,F06/09,72.00,63.00,1,,58177
9751,2097,6733,,F06/11,72.00,63.00,1,,58178
9751,2097,6733,,F06/13,72.00,63.00,1,,58179
9751,2097,6733,,F06/15,72.00,63.00,1,,58180
9751,2097,6733,,F06/17,72.00,63.00,1,,58181
9751,2097,6733,,F06/19,72.00,63.00,1,,58182
9751,2097,6733,,F06/21,72.00,63.00,1,,58183
9751,2097,6733,,F06/23,72.00,63.00,1,,58184
9751,2097,6733,,F06/25,72.00,63.00,1,,58185
9751,2097,6733,,F06/27,72.00,63.00,1,,58186
9751,2097,6733,,F06/29,72.00,63.00,1,,58187
9751,2097,6733,,F06/31,72.00,63.00,1,,58188
9751,2097,6733,,F06/33,72.00,63.00,1,,58189
9751,2097,6733,,F06/35,72.00,63.00,1,,58190
9751,2097,6733,,F06/37,72.00,63.00,1,,58191
9751,2097,6733,,F06/39,72.00,63.00,1,,58192
9751,2097,6733,,F06/41,72.00,63.00,1,,58193
9751,2097,6733,,F06/43,72.00,63.00,1,,58194
9751,2097,6733,,F06/45,72.00,63.00,1,,58195
9751,2097,6733,,F06/47,72.00,63.00,1,,58196
9751,2097,6733,,F06/49,72.00,63.00,1,,58197
9751,2097,6753,,F06/51,154.00,.00,1,,58198
9751,2097,6733,,F06/53,72.00,63.00,1,,58199
9751,2097,6776,,F06/53,1335.00,.00,1,,58200
9753,2097,6753,,F07/01,106.00,.00,1,,58201
9753,2097,6759,,F07/03,60.00,63.00,1,,58202
9753,2097,6759,,F07/05,60.00,63.00,1,,58203
9753,2097,6759,,F07/07,60.00,63.00,1,,58204
9753,2097,6759,,F07/09,60.00,63.00,1,,58205
9753,2097,6759,,F07/11,60.00,63.00,1,,58206
9753,2097,6759,,F07/13,60.00,63.00,1,,58207
9753,2097,6759,,F07/15,60.00,63.00,1,,58208
9753,2097,6759,,F07/17,60.00,63.00,1,,58209
9753,2097,6759,,F07/19,60.00,63.00,1,,58210
9753,2097,6759,,F07/21,60.00,63.00,1,,58211
9753,2097,6759,,F07/23,60.00,63.00,1,,58212
9753,2097,6759,,F07/25,60.00,63.00,1,,58213
9753,2097,6759,,F07/27,60.00,63.00,1,,58214
9753,2097,6759,,F07/29,60.00,63.00,1,,58215
9753,2097,6759,,F07/31,60.00,63.00,1,,58216
9753,2097,6759,,F07/33,60.00,63.00,1,,58217
9753,2097,6759,,F07/35,60.00,63.00,1,,58218
9753,2097,6759,,F07/37,60.00,63.00,1,,58219
9753,2097,6753,,F07/39,87.00,.00,1,,58220
9753,2097,6753,,F07/02,105.00,.00,1,,58221
9753,2097,6759,,F07/04,60.00,63.00,1,,58222
9753,2097,6759,,F07/06,60.00,63.00,1,,58223
9753,2097,6759,,F07/08,60.00,63.00,1,,58224
9753,2097,6759,,F07/10,60.00,63.00,1,,58225
9753,2097,6759,,F07/12,60.00,63.00,1,,58226
9753,2097,6759,,F07/14,60.00,63.00,1,,58227
9753,2097,6759,,F07/16,60.00,63.00,1,,58228
9753,2097,6759,,F07/18,60.00,63.00,1,,58229
9753,2097,6759,,F07/20,60.00,63.00,1,,58230
9753,2097,6759,,F07/22,60.00,63.00,1,,58231
9753,2097,6759,,F07/24,60.00,63.00,1,,58232
9753,2097,6759,,F07/26,60.00,63.00,1,,58233
9753,2097,6759,,F07/28,60.00,63.00,1,,58234
9753,2097,6759,,F07/30,60.00,63.00,1,,58235
9753,2097,6759,,F07/32,60.00,63.00,1,,58236
9753,2097,6759,,F07/34,60.00,63.00,1,,58237
9753,2097,6759,,F07/36,60.00,63.00,1,,58238
9753,2097,6759,,F07/38,60.00,63.00,1,,58239
9753,2097,6759,,F07/40,60.00,63.00,1,,58240
9753,2097,6759,,F07/42,60.00,63.00,1,,58241
9753,2097,6759,,F07/44,60.00,63.00,1,,58242
9753,2097,6759,,F07/46,60.00,63.00,1,,58243
9753,2097,6759,,F07/48,60.00,63.00,1,,58244
9753,2097,6759,,F07/50,60.00,63.00,1,,58245
9753,2097,6759,,F07/52,60.00,63.00,1,,58246
9753,2097,6759,,F07/54,60.00,63.00,1,,58247
9753,2097,6759,,F07/56,60.00,63.00,1,,58248
9753,2097,6759,,F07/58,60.00,63.00,1,,58249
9753,2097,6759,,F07/60,60.00,63.00,1,,58250
9753,2097,6759,,F07/62,60.00,63.00,1,,58251
9754,2097,6753,,F08/01,106.00,.00,1,,58252
9754,2097,6759,,F08/02,60.00,63.00,1,,58253
9754,2097,6759,,F08/03,60.00,63.00,1,,58254
9754,2097,6759,,F08/04,60.00,63.00,1,,58255
9754,2097,6759,,F08/05,60.00,63.00,1,,58256
9754,2097,6759,,F08/06,60.00,63.00,1,,58257
9754,2097,6759,,F08/07,60.00,63.00,1,,58258
9754,2097,6759,,F08/08,60.00,63.00,1,,58259
9754,2097,6759,,F08/09,60.00,63.00,1,,58260
9754,2097,6759,,F08/10,60.00,63.00,1,,58261
9754,2097,6759,,F08/11,60.00,63.00,1,,58262
9754,2097,6759,,F08/12,60.00,63.00,1,,58263
9754,2097,6759,,F08/13,60.00,63.00,1,,58264
9754,2097,6759,,F08/14,60.00,63.00,1,,58265
9754,2097,6759,,F08/15,60.00,63.00,1,,58266
9754,2097,6759,,F08/16,60.00,63.00,1,,58267
9754,2097,6759,,F08/17,60.00,63.00,1,,58268
9754,2097,6759,,F08/18,60.00,63.00,1,,58269
9754,2097,6759,,F08/19,60.00,63.00,1,,58270
9754,2097,6759,,F08/20,60.00,63.00,1,,58271
9754,2097,6753,,F08/21,87.00,.00,1,,58272
9764,2097,6753,,F09/01,141.00,.00,1,,58273
9764,2097,6745,,F09/02,84.00,86.00,1,,58274
9764,2097,6745,,F09/03,84.00,86.00,1,,58275
9764,2097,6745,,F09/04,84.00,86.00,1,,58276
9764,2097,6745,,F09/05,84.00,86.00,1,,58277
9764,2097,6745,,F09/06,84.00,86.00,1,,58278
9764,2097,6745,,F09/07,84.00,86.00,1,,58279
9764,2097,6745,,F09/08,84.00,86.00,1,,58280
9764,2097,6745,,F09/09,84.00,86.00,1,,58281
9764,2097,6745,,F09/10,84.00,86.00,1,,58282
9764,2097,6745,,F09/11,84.00,86.00,1,,58283
9764,2097,6745,,F09/12,84.00,86.00,1,,58284
9764,2097,6745,,F09/13,84.00,86.00,1,,58285
9764,2097,6745,,F09/14,84.00,86.00,1,,58286
9764,2097,6745,,F09/15,84.00,86.00,1,,58287
9764,2097,6745,,F09/16,84.00,86.00,1,,58288
9764,2097,6743,,F09/17,72.00,63.00,1,,58289
9764,2097,6743,,F09/18,72.00,63.00,1,,58290
9764,2097,6743,,F09/19,72.00,63.00,1,,58291
9764,2097,6743,,F09/20,72.00,63.00,1,,58292
9764,2097,6743,,F09/21,72.00,63.00,1,,58293
9764,2097,6743,,F09/22,72.00,63.00,1,,58294
9764,2097,6743,,F09/23,72.00,63.00,1,,58295
9764,2097,6743,,F09/24,72.00,63.00,1,,58296
9764,2097,6743,,F09/25,72.00,63.00,1,,58297
9764,2097,6743,,F09/26,72.00,63.00,1,,58298
9764,2097,6743,,F09/27,72.00,63.00,1,,58299
9764,2097,6743,,F09/28,72.00,63.00,1,,58300
9765,2097,6753,,F10/01,119.00,.00,1,,58301
9765,2097,6745,,F10/02,84.00,86.00,1,,58302
9765,2097,6745,,F10/03,84.00,86.00,1,,58303
9765,2097,6745,,F10/04,84.00,86.00,1,,58304
9765,2097,6745,,F10/05,84.00,86.00,1,,58305
9765,2097,6753,,F10/06,120.00,.00,1,,58306
9765,2097,6776,,F10/07,105.00,.00,1,,58307
9766,2097,6760,,FR01/01,67.50,130.00,1,,58308
9766,2097,6760,,FR01/02,67.50,130.00,1,,58309
9766,2097,6760,,FR01/03,67.50,130.00,1,,58310
9766,2097,6760,,FR01/04,67.50,130.00,1,,58311
9766,2097,6760,,FR01/05,67.50,130.00,1,,58312
9766,2097,6760,,FR01/06,67.50,130.00,1,,58313
9766,2097,6760,,FR01/07,67.50,130.00,1,,58314
9766,2097,6760,,FR01/08,67.50,130.00,1,,58315
9766,2097,6760,,FR01/09,67.50,130.00,1,,58316
9766,2097,6760,,FR01/10,67.50,130.00,1,,58317
9766,2097,6760,,FR01/11,67.50,130.00,1,,58318
9766,2097,6760,,FR01/12,67.50,130.00,1,,58319
9766,2097,6760,,FR01/13,67.50,130.00,1,,58320
9766,2097,6760,,FR01/14,67.50,130.00,1,,58321
9766,2097,6760,,FR01/15,67.50,130.00,1,,58322
9766,2097,6760,,FR01/16,67.50,130.00,1,,58323
9766,2097,6760,,FR01/17,67.50,130.00,1,,58324
9766,2097,6760,,FR01/18,67.50,130.00,1,,58325
9766,2097,6760,,FR01/19,67.50,130.00,1,,58326
9766,2097,6760,,FR01/20,67.50,130.00,1,,58327
9766,2097,6760,,FR01/21,67.50,130.00,1,,58328
9766,2097,6760,,FR01/22,67.50,130.00,1,,58329
9766,2097,6760,,FR01/23,67.50,130.00,1,,58330
9766,2097,6760,,FR01/24,67.50,130.00,1,,58331
9766,2097,6760,,FR01/25,67.50,130.00,1,,58332
9766,2097,6760,,FR01/26,67.50,130.00,1,,58333
9766,2097,6760,,FR01/27,67.50,130.00,1,,58334
9766,2097,6760,,FR01/28,67.50,130.00,1,,58335
9766,2097,6760,,FR01/29,67.50,130.00,1,,58336
9766,2097,6760,,FR01/30,67.50,130.00,1,,58337
9766,2097,6760,,FR01/31,67.50,130.00,1,,58338
9766,2097,6760,,FR01/32,67.50,130.00,1,,58339
9766,2097,6760,,FR01/33,67.50,130.00,1,,58340
9766,2097,6760,,FR01/34,67.50,130.00,1,,58341
9766,2097,6760,,FR01/35,67.50,130.00,1,,58342
9766,2097,6760,,FR01/36,67.50,130.00,1,,58343
9766,2097,6760,,FR01/37,67.50,130.00,1,,58344
9766,2097,6760,,FR01/38,67.50,130.00,1,,58345
9766,2097,6760,,FR01/39,67.50,130.00,1,,58346
9766,2097,6774,,FR01/01,67.50,197.00,1,,58347
9766,2097,6775,,FR01/02,67.50,131.00,1,,58348
9766,2097,6775,,FR01/03,67.50,131.00,1,,58349
9766,2097,6775,,FR01/04,67.50,130.00,1,,58350
9766,2097,6775,,FR01/05,67.50,131.00,1,,58351
9766,2097,6775,,FR01/06,67.50,131.00,1,,58352
9766,2097,6775,,FR01/07,67.50,131.00,1,,58353
9766,2097,6775,,FR01/08,67.50,131.00,1,,58354
9766,2097,6775,,FR01/09,67.50,131.00,1,,58355
9766,2097,6775,,FR01/10,67.50,131.00,1,,58356
9766,2097,6775,,FR01/11,67.50,131.00,1,,58357
9766,2097,6775,,FR01/12,67.50,131.00,1,,58358
9766,2097,6775,,FR01/13,67.50,130.00,1,,58359
9766,2097,6775,,FR01/14,67.50,130.00,1,,58360
9766,2097,6775,,FR01/15,67.50,131.00,1,,58361
9766,2097,6775,,FR01/16,67.50,131.00,1,,58362
9766,2097,6775,,FR01/17,67.50,131.00,1,,58363
9766,2097,6775,,FR01/18,67.50,131.00,1,,58364
9766,2097,6775,,FR01/19,67.50,131.00,1,,58365
9766,2097,6775,,FR01/20,67.50,131.00,1,,58366
9766,2097,6775,,FR01/21,67.50,131.00,1,,58367
9766,2097,6775,,FR01/22,67.50,130.00,1,,58368
9766,2097,6775,,FR01/23,67.50,131.00,1,,58369
9766,2097,6775,,FR01/24,67.50,130.00,1,,58370
9766,2097,6775,,FR01/25,67.50,131.00,1,,58371
9766,2097,6775,,FR01/26,67.50,131.00,1,,58372
9766,2097,6775,,FR01/27,67.50,131.00,1,,58373
9766,2097,6775,,FR01/28,67.50,131.00,1,,58374
9766,2097,6775,,FR01/29,67.50,131.00,1,,58375
9766,2097,6775,,FR01/30,67.50,131.00,1,,58376
9766,2097,6775,,FR01/31,67.50,130.00,1,,58377
9766,2097,6775,,FR01/32,67.50,131.00,1,,58378
9766,2097,6775,,FR01/33,67.50,131.00,1,,58379
9766,2097,6775,,FR01/34,67.50,130.00,1,,58380
9766,2097,6775,,FR01/35,67.50,131.00,1,,58381
9766,2097,6775,,FR01/36,67.50,131.00,1,,58382
9766,2097,6775,,FR01/37,67.50,131.00,1,,58383
9766,2097,6775,,FR01/38,67.50,131.00,1,,58384
9766,2097,6774,,FR01/39,67.50,197.00,1,,58385
9760,2097,6746,,E03/35,120.00,112.00,1,,58386
9747,2097,6744,,F02/23,105.00,86.00,1,,58403
9747,2097,6744,,F02/25,105.00,86.00,1,,58404
9747,2097,6744,,F02/27,105.00,86.00,1,,58405
9747,2097,6744,,F02/29,105.00,86.00,1,,58406
9747,2097,6744,,F02/31,105.00,86.00,1,,58407
9747,2097,6753,,F02/33,276.00,.00,1,,58408
9763,2097,7787,,ER01/02,67.50,131.00,1,,60668
9763,2097,7787,,ER01/03,67.50,131.00,1,,60669
9763,2097,7787,,ER01/04,67.50,130.50,1,,60670
9763,2097,7787,,ER01/05,67.50,131.00,1,,60671
9763,2097,7787,,ER01/06,67.50,131.00,1,,60672
9763,2097,7787,,ER01/07,67.50,131.00,1,,60673
9763,2097,7787,,ER01/08,67.50,131.00,1,,60674
9763,2097,7787,,ER01/09,67.50,131.00,1,,60675
9763,2097,7787,,ER01/10,67.50,131.00,1,,60676
9763,2097,7787,,ER01/11,67.50,131.00,1,,60677
9763,2097,7787,,ER01/12,67.50,131.00,1,,60678
9763,2097,7787,,ER01/13,67.50,130.50,1,,60679
9763,2097,7787,,ER01/14,67.50,130.50,1,,60680
9763,2097,7787,,ER01/15,67.50,131.00,1,,60681
9763,2097,7787,,ER01/16,67.50,131.00,1,,60682
9763,2097,7787,,ER01/17,67.50,131.00,1,,60683
9763,2097,7787,,ER01/18,67.50,131.00,1,,60684
9763,2097,7788,,ER01/01,67.50,197.00,1,,60685
9763,2097,7788,,ER01/19,67.50,197.00,1,,60686
10797,2097,7788,,ER02/01,82.50,197.00,1,,60687
10797,2097,7787,,ER02/02,67.50,131.00,1,,60688
10797,2097,7787,,ER02/03,67.50,131.00,1,,60689
10797,2097,7787,,ER02/04,67.50,130.50,1,,60690
10797,2097,7787,,ER02/05,67.50,131.00,1,,60691
10797,2097,7787,,ER02/06,67.50,131.00,1,,60692
10797,2097,7787,,ER02/07,67.50,131.00,1,,60693
10797,2097,7787,,ER02/08,67.50,131.00,1,,60694
10797,2097,7787,,ER02/09,67.50,131.00,1,,60695
10797,2097,7787,,ER02/10,67.50,131.00,1,,60696
10797,2097,7787,,ER02/11,67.50,131.00,1,,60697
10797,2097,7787,,ER02/12,67.50,131.00,1,,60698
10797,2097,7787,,ER02/13,67.50,130.50,1,,60699
10797,2097,7787,,ER02/14,67.50,130.50,1,,60700
10797,2097,7788,,ER02/15,82.50,197.00,1,,60701
10799,2097,6774,,FR02/01,82.50,197.00,1,,60703
10799,2097,6775,,FR02/02,67.50,131.00,1,,60704
10799,2097,6775,,FR02/03,67.50,131.00,1,,60705
10799,2097,6775,,FR02/04,67.50,130.00,1,,60706
10799,2097,6775,,FR02/05,67.50,131.00,1,,60707
10799,2097,6775,,FR02/06,67.50,131.00,1,,60708
10799,2097,6775,,FR02/07,67.50,131.00,1,,60709
10799,2097,6775,,FR02/08,67.50,131.00,1,,60710
10799,2097,6775,,FR02/09,67.50,131.00,1,,60711
10799,2097,6775,,FR02/10,67.50,131.00,1,,60712
10799,2097,6775,,FR02/11,67.50,131.00,1,,60713
10799,2097,6775,,FR02/12,67.50,131.00,1,,60714
10799,2097,6775,,FR02/13,67.50,130.00,1,,60715
10799,2097,6775,,FR02/14,67.50,130.00,1,,60716
10799,2097,6774,,FR02/15,82.50,197.00,1,,60717
9744,2097,6733,,F01/39,72.00,63.00,1,,60719
9744,2097,6733,,F01/40,72.00,63.00,1,,60720
9744,2097,6733,,F01/41,72.00,63.00,1,,60721
9744,2097,6733,,F01/42,72.00,63.00,1,,60722
9744,2097,6733,,F01/43,72.00,63.00,1,,60723
9744,2097,6733,,F01/44,72.00,63.00,1,,60724
9744,2097,6733,,F01/45,72.00,63.00,1,,60725
9744,2097,6733,,F01/46,72.00,63.00,1,,60726
9744,2097,6733,,F01/47,72.00,63.00,1,,60727
9744,2097,6733,,F01/48,72.00,63.00,1,,60728
9744,2097,6733,,F01/49,72.00,63.00,1,,60729
9744,2097,6733,,F01/50,72.00,63.00,1,,60730
9744,2097,6753,,F01/51,104.00,.00,1,,60731
3359,2096,807,,D/61,360.00,288.00,1,,99025
3359,2096,807,,D/63,360.00,288.00,1,,99026
3359,2096,807,,D/65,360.00,288.00,1,,99027
15264,2097,6775,,FR01,67.50,131.00,1,,101268
15264,2097,6775,,FR02,67.50,131.00,1,,101269
15264,2097,6775,,FR03,67.50,131.00,1,,101270
15264,2097,6775,,FR04,67.50,131.00,1,,101271
15264,2097,6775,,FR05,67.50,131.00,1,,101272
15264,2097,6775,,FR06,67.50,131.00,1,,101273
15264,2097,6775,,FR07,67.50,131.00,1,,101274
15264,2097,6775,,FR08,67.50,131.00,1,,101275
15264,2097,6775,,FR09,67.50,131.00,1,,101276
15264,2097,6775,,FR010,67.50,131.00,1,,101277
15264,2097,6775,,FR011,67.50,131.00,1,,101278
15264,2097,6775,,FR012,67.50,131.00,1,,101279
15264,2097,6775,,FR013,67.50,131.00,1,,101280
15264,2097,6775,,FR014,67.50,131.00,1,,101281
15264,2097,6775,,FR015,67.50,131.00,1,,101282
15264,2097,6775,,FR016,67.50,131.00,1,,101283
15264,2097,6775,,FR017,67.50,131.00,1,,101284
15264,2097,6775,,FR018,67.50,131.00,1,,101285
15264,2097,6775,,FR019,67.50,131.00,1,,101286
15264,2097,6775,,FR020,67.50,131.00,1,,101287
15264,2097,6775,,FR021,67.50,131.00,1,,101288
15264,2097,6775,,FR022,67.50,131.00,1,,101289
15264,2097,6775,,FR023,67.50,131.00,1,,101290
15264,2097,6775,,FR024,67.50,131.00,1,,101291
15264,2097,6775,,FR025,67.50,131.00,1,,101292
15264,2097,6775,,FR026,67.50,131.00,1,,101293
15264,2097,6775,,FR027,67.50,131.00,1,,101294
15264,2097,6775,,FR028,67.50,131.00,1,,101295
15264,2097,6775,,FR029,67.50,131.00,1,,101296
15264,2097,6775,,FR030,67.50,131.00,1,,101297
15264,2097,6775,,FR031,67.50,131.00,1,,101298
15264,2097,6775,,FR032,67.50,131.00,1,,101299
15264,2097,6775,,FR033,67.50,131.00,1,,101300
15264,2097,6775,,FR034,67.50,131.00,1,,101301
15264,2097,6775,,FR035,67.50,131.00,1,,101302
15264,2097,9158,,FR03/01,82.50,197.00,1,,101303
15264,2097,9159,,FR03/02,67.50,197.00,1,,101304
15264,2097,6775,,FR03/03,67.50,131.00,1,,101305
15264,2097,6775,,FR03/04,67.50,131.00,1,,101306
15264,2097,6775,,FR03/05,67.50,131.00,1,,101307
15264,2097,6775,,FR03/06,67.50,131.00,1,,101308
15264,2097,6775,,FR03/07,67.50,131.00,1,,101309
15264,2097,6775,,FR03/08,67.50,131.00,1,,101310
15264,2097,6775,,FR03/09,67.50,131.00,1,,101311
15264,2097,9159,,FR03/10,67.50,197.00,1,,101312
15264,2097,9159,,FR03/11,67.50,197.00,1,,101313
15264,2097,9159,,FR03/12,67.50,197.00,1,,101314
15264,2097,6775,,FR03/13,67.50,131.00,1,,101315
15264,2097,6775,,FR03/14,67.50,131.00,1,,101316
15264,2097,9159,,FR03/15,67.50,197.00,1,,101317
15264,2097,6775,,FR03/16,67.50,131.00,1,,101318
15264,2097,6775,,FR03/17,67.50,131.00,1,,101319
15264,2097,6775,,FR03/18,67.50,131.00,1,,101320
15264,2097,6775,,FR03/19,67.50,131.00,1,,101321
15264,2097,6775,,FR03/20,67.50,131.00,1,,101322
15264,2097,6775,,FR03/21,67.50,131.00,1,,101323
15264,2097,6775,,FR03/22,67.50,131.00,1,,101324
15264,2097,6775,,FR03/23,67.50,131.00,1,,101325
15264,2097,6775,,FR03/24,67.50,131.00,1,,101326
15264,2097,6775,,FR03/25,67.50,131.00,1,,101327
15264,2097,9159,,FR03/26,67.50,197.00,1,,101328
15264,2097,9159,,FR03/27,67.50,197.00,1,,101329
15264,2097,9159,,FR03/28,67.50,197.00,1,,101330
15264,2097,9159,,FR03/29,67.50,197.00,1,,101331
15264,2097,6775,,FR03/30,67.50,131.00,1,,101332
15264,2097,6775,,FR03/31,67.50,131.00,1,,101333
15264,2097,6775,,FR03/32,67.50,131.00,1,,101334
15264,2097,6775,,FR03/33,67.50,131.00,1,,101335
15264,2097,6775,,FR03/34,67.50,131.00,1,,101336
15264,2097,6775,,FR03/35,67.50,131.00,1,,101337
15267,2097,9158,,AR01/01,82.50,197.00,1,,101340
15267,2097,9159,,AR01/02,67.50,197.00,1,,101341
15267,2097,6775,,AR01/03,67.50,131.00,1,,101342
15267,2097,6775,,AR01/04,67.50,131.00,1,,101343
15267,2097,6775,,AR01/05,67.50,131.00,1,,101344
15267,2097,6775,,AR01/06,67.50,131.00,1,,101345
15267,2097,6775,,AR01/07,67.50,131.00,1,,101346
15267,2097,6775,,AR01/08,67.50,131.00,1,,101347
15267,2097,6775,,AR01/09,67.50,131.00,1,,101348
15267,2097,9159,,AR01/10,67.50,197.00,1,,101349
15267,2097,9159,,AR01/11,67.50,197.00,1,,101350
15267,2097,9159,,AR01/12,67.50,197.00,1,,101351
15267,2097,6775,,AR01/13,67.50,131.00,1,,101352
15267,2097,6775,,AR01/14,67.50,131.00,1,,101353
15267,2097,9159,,AR01/15,67.50,197.00,1,,101354
15267,2097,6775,,AR01/16,67.50,131.00,1,,101355
15267,2097,6775,,AR01/17,67.50,131.00,1,,101356
15267,2097,6775,,AR01/18,67.50,131.00,1,,101357
15267,2097,6775,,AR01/19,67.50,131.00,1,,101358
15267,2097,6775,,AR01/20,67.50,131.00,1,,101359
15267,2097,6775,,AR01/21,67.50,131.00,1,,101360
15267,2097,6775,,AR01/22,67.50,131.00,1,,101361
15267,2097,6775,,AR01/23,67.50,131.00,1,,101362
15267,2097,6775,,AR01/24,67.50,131.00,1,,101363
15267,2097,6775,,AR01/25,67.50,131.00,1,,101364
15267,2097,9159,,AR01/26,67.50,197.00,1,,101365
15267,2097,9159,,AR01/27,67.50,197.00,1,,101366
15267,2097,9159,,AR01/28,67.50,197.00,1,,101367
15267,2097,9159,,AR01/29,67.50,197.00,1,,101368
15267,2097,6775,,AR01/30,67.50,131.00,1,,101369
15267,2097,6775,,AR01/31,67.50,131.00,1,,101370
15267,2097,6775,,AR01/32,67.50,131.00,1,,101371
15267,2097,6775,,AR01/33,67.50,131.00,1,,101372
15267,2097,6775,,AR01/34,67.50,131.00,1,,101373
15267,2097,6775,,AR01/35,67.50,131.00,1,,101374
