BAP 13-0001,005/MMB/PRS/13.01,2013-11-28
BAP 13-0002,003/MMB/PRS/13.01,2013-11-28
BAP 13-0003,006/MMB/PRS/13.01,2013-11-28
BAP 14-0002,009/MMB/PRS/13.01,2014-01-21
BAP 14-0003,008/MMB/PRS/13.01,2014-01-21
BAP 14-0004,010/MMB/PRS/13.01,2014-01-21
BAP 14-0007,006/MMB/PRS/13.02,2014-04-11
BAP 14-0007,006/MMB/PRS/13.02,2014-04-11
BAP 14-0008,005/MMB/PRS/13.02,2014-04-10
BAP 14-0008,005/MMB/PRS/13.02,2014-04-10
BAP 14-0009,001/MMB/PRS/13.01,2014-04-15
BAP 15-0001,002/MMB/PRS/15.01,2015-03-26
BAP 15-0002,001/MMB/PRS/15.01,2015-04-09
BAP 15-0002,001/MMB/PRS/15.01,2015-04-09
BAP 15-0003,005/MMB/PRS/15.01,2015-04-23
BAP 15-0004,006/MMB/PRS/15.01,2015-04-28
BAP 15-0005,002/MMB/PRS/15.02,2015-05-12
BAP 15-0006,002/MMB/PRS/15.03,2015-05-12
BAP 15-0007,012/MMB/PRS/15.01,2015-05-12
BAP 15-0009,063/MMB/PRS/15.01,2015-06-04
BAP 15-0010,011/MMB/PRS/15.02,2015-06-18
BAP 15-0011,016/MMB/PRS/15.01,2015-06-18
BAP 15-0012,013/MMB/PRS/15.01,2015-06-18
BAP 15-0013,005/MMB/PRS/15.02,2015-06-18
BAP 15-0014,012/MMB/PRS/15.02,2015-06-18
BAP 15-0014,012/MMB/PRS/15.02,2015-06-18
BAP 15-0014,012/MMB/PRS/15.02,2015-06-18
BAP 15-0015,017/MMB/PRS/15.01,2015-06-30
BAP 15-0016,015/MMB/PRS/15.01,2015-07-13
BAP 15-0017,007/MMB/PRS/15.01,2015-07-13
BAP 15-0018,016/MMB/PRS/15.02,2015-07-13
BAP 15-0019,021/MMB/PRS/15.01,2015-08-13
BAP 15-0020,006/MMB/PRS/15.02,2015-08-13
BAP 15-0021,013/MMB/PRS/15.02,2015-08-13
BAP 15-0022,019/MMB/KSL/15.01,2015-08-25
BAP 15-0023,018/MMB/PRS/15.01,2015-08-26
BAP 15-0023,018/MMB/PRS/15.01,2015-08-26
BAP 15-0023,018/MMB/PRS/15.01,2015-08-26
BAP 15-0024,021/MMB/PRS/15.02,2015-09-01
BAP 15-0026,024/MMB/PRS/15.01,2015-09-08
BAP 15-0027,023/MMB/PRS/15.01,2015-09-15
BAP 15-0028,007/MMB/PRS/15.02,2015-09-22
BAP 15-0029,025/MMB/PRS/15.01,2015-10-22
BAP 15-0030,014/MMB/PROM/15.01,2015-10-06
BAP 15-0030,014/MMB/PROM/15.01,2015-10-06
BAP 15-0031,022/MMB/Prom/15.01,2015-10-15
BAP 15-0032,028/MMB/PRS/15.01,2015-10-22
BAP 15-0034,026/MMB/PRS/15.01,2015-10-22
BAP 15-0035,021A/MMB/PRS/15.01,2015-11-05
BAP 15-0036,027/MMB/PRS/15.01,2015-11-16
BAP 15-0037,011/MMB/PRS/15.03,2015-11-19
BAP 15-0038,016/MMB/PRS/15.03,2015-11-19
BAP 15-0039,015/MMB/PRS/15.02,2015-11-19
BAP 15-0040,005/MMB/PRS/15.03,2015-12-01
BAP 15-0042,017/MMB/PRS/15.02,2015-12-01
BAP 15-0042,017/MMB/PRS/15.02,2015-12-01
BAP 15-0042,017/MMB/PRS/15.02,2015-12-01
BAP 15-0044,007/MMB/PRS/15.03,2015-12-08
BAP 15-0044,007/MMB/PRS/15.03,2015-12-08
BAP 15-0044,007/MMB/PRS/15.03,2015-12-08
BAP 15-0044,007/MMB/PRS/15.03,2015-12-08
BAP 15-0044,007/MMB/PRS/15.03,2015-12-08
BAP 15-0045,006/MMB/PRS/15.03,2015-12-08
BAP 15-0045,006/MMB/PRS/15.03,2015-12-08
BAP 15-0045,006/MMB/PRS/15.03,2015-12-08
BAP 15-0046,029/MMB/Prom/15.01,2015-12-01
BAP 15-0047,029/MMB/Prom/15.02,2015-12-10
BAP 15-0048,013/MMB/PRS/15.03,2015-12-15
BAP 15-0049,007/MMB/PRS/15.04,2015-12-17
BAP 15-0049,007/MMB/PRS/15.04,2015-12-17
BAP 15-0050,031/MMB/Prom/15.01,2015-12-17
BAP 15-0051,014/MMB/PROM/15.02,2015-12-17
BAP 16-0001,VOUCHER 16-0001,2016-01-12
BAP 16-0002,027/MMB/PRS/15.02,2016-01-12
BAP 16-0003,042/MMB/PRS/15.01,2016-01-12
BAP 16-0003,042/MMB/PRS/15.01,2016-01-12
BAP 16-0004,034/MMB/PRS/15.01,2016-01-12
BAP 16-0005,030/MMB/PROM/15.01,2016-01-12
BAP 16-0006,039/MMB/Prom/15.01,2016-01-12
BAP 16-0007,038/MMB/PRS/15.01,2016-01-12
BAP 16-0007,038/MMB/PRS/15.01,2016-01-12
BAP 16-0008,021/MMB/PRS/15.03,2016-01-12
BAP 16-0009,040/MMB/PRS/15.01,2016-01-12
BAP 16-0010,035/MMB/GDG/15.01,2016-01-27
BAP 16-0011,001/MMB/PROM/16.01,2016-01-28
BAP 16-0012,041/MMB/Prom/15.01,2016-01-28
BAP 16-0013,043/MMB/PRS/15.01,2016-01-28
BAP 16-0013,043/MMB/PRS/15.01,2016-01-28
BAP 16-0014,025/MMB/PRS/15.02,2016-02-02
BAP 16-0014,025/MMB/PRS/15.02,2016-02-02
BAP 16-0014,025/MMB/PRS/15.02,2016-02-02
BAP 16-0015,026/MMB/PRS/15.02,2016-02-02
BAP 16-0016,044/MMB/PRS/15.01,2016-03-03
BAP 16-0016,044/MMB/PRS/15.01,2016-03-03
BAP 16-0017,022/MMB/Prom/15.02,2016-02-16
BAP 16-0018,013/MMB/PRS/15.04,2016-02-15
BAP 16-0018,013/MMB/PRS/15.04,2016-02-15
BAP 16-0018,013/MMB/PRS/15.04,2016-02-15
BAP 16-0019,027/MMB/PRS/15.03,2016-02-25
BAP 16-0019,027/MMB/PRS/15.03,2016-02-25
BAP 16-0019,027/MMB/PRS/15.03,2016-02-25
BAP 16-0019,027/MMB/PRS/15.03,2016-02-25
BAP 16-0019,027/MMB/PRS/15.03,2016-02-25
BAP 16-0019,027/MMB/PRS/15.03,2016-02-25
BAP 16-0021,042/MMB/PRS/15.02,2016-02-25
BAP 16-0022,035/MMB/GDG/15.02,2016-02-18
BAP 16-0023,002/MMB/TMN/16.01,2016-03-01
BAP 16-0023,002/MMB/TMN/16.01,2016-03-01
BAP 16-0024,041/MMB/Prom/15.02,2016-03-01
BAP 16-0025,043/MMB/PRS/15.02,2016-03-03
BAP 16-0025,043/MMB/PRS/15.02,2016-03-03
BAP 16-0027,042/MMB/PRS/15.03,2016-03-15
BAP 16-0027,042/MMB/PRS/15.03,2016-03-15
BAP 16-0027,042/MMB/PRS/15.03,2016-03-15
BAP 16-0028,003/MMB/TMN/16.01,2016-03-15
BAP 16-0028,003/MMB/TMN/16.01,2016-03-15
BAP 16-0029,008/MMB/SJA/16.01,2016-03-22
BAP 16-0032,040/MMB/PRS/15.02,2016-03-22
BAP 16-0032,040/MMB/PRS/15.02,2016-03-22
BAP 16-0032,040/MMB/PRS/15.02,2016-03-22
BAP 16-0033,027/MMB/PRS/15.04,2016-04-05
BAP 16-0033,027/MMB/PRS/15.04,2016-04-05
BAP 16-0034,007/MMB/PRS/16.01,2016-05-03
BAP 16-0035,014/MMB/PRS/16.01,2016-04-28
BAP 16-0036,011/MMB/PRS/16.01,2016-05-09
BAP 16-0037,012/MMB/PRS/16.01,2016-05-03
BAP 16-0038,032/MMB/PRS/15.02,2016-05-09
BAP 16-0039,013/MMB/POND/16.01,2016-04-22
BAP 16-0040,013/MMB/POND/16.02,2016-05-18
BAP 16-0041,009/MMB/DSA/16.01,2016-03-24
BAP 16-0047,010/MMB/GDG/16.01,2016-05-26
BAP 16-0048,020/MMB/PRS/16.01,2016-05-26
BAP 16-0050,005/MMB/PRS/16.01,2016-04-11
BAP 16-0052,005/MMB/PRS/16.02,2016-05-03
BAP 16-0053,010/MMB/GDG/16.02,2016-06-02
BAP 16-0054,006/MMB/GUD/16.01,2016-04-12
BAP 16-0056,016/MMB/PRS/16.01,2016-06-02
BAP 16-0057,043/MMB/PRS/15.03,2016-06-02
BAP 16-0057,043/MMB/PRS/15.03,2016-06-02
BAP 16-0058,034/MMB/PRS/15.02,2016-06-07
BAP 16-0059,035/MMB/GDG/15.03,2016-04-08
BAP 16-0061,019/MMB/PRS/16.01,2016-06-14
BAP 16-0061,019/MMB/PRS/16.01,2016-06-14
BAP 16-0062,002/MMB/TMN/16.02,2016-06-14
BAP 16-0063,017/MMB/GDG/16.01,2016-06-21
BAP 16-0065,007/MMB/PRS/16.02,2016-06-21
BAP 16-0065,007/MMB/PRS/16.02,2016-06-21
BAP 16-0065,007/MMB/PRS/16.02,2016-06-21
BAP 16-0065,007/MMB/PRS/16.02,2016-06-21
BAP 16-0065,007/MMB/PRS/16.02,2016-06-21
BAP 16-0065,007/MMB/PRS/16.02,2016-06-21
BAP 16-0066,010/MMB/GDG/16.03,2016-06-22
BAP 16-0067,027/MMB/PRS/15.05,2016-06-23
BAP 16-0067,027/MMB/PRS/15.05,2016-06-23
BAP 16-0067,027/MMB/PRS/15.05,2016-06-23
BAP 16-0068,VOUCHER 16-0003,2016-07-19
BAP 16-0068,VOUCHER 16-0003,2016-07-19
BAP 16-0069,005/MMB/GDG/16.03,2016-05-24
BAP 16-0069,005/MMB/GDG/16.03,2016-05-24
BAP 16-0071,007/MMB/PRS/16.03,2016-07-20
BAP 16-0072,017/MMB/GDG/16.02,2016-07-25
BAP 16-0077,009/MMB/DSA/16.02,2016-06-09
BAP 16-0078,035/MMB/GDG/15.04,2016-05-24
BAP 16-0078,035/MMB/GDG/15.04,2016-05-24
BAP 16-0079,011/MMB/PRS/16.02,2016-06-02
BAP 16-0079,011/MMB/PRS/16.02,2016-06-02
BAP 16-0080,005/MMB/PRS/16.04,2016-08-04
BAP 16-0081,008/MMB/SJA/16.02,2016-05-03
BAP 16-0081,008/MMB/SJA/16.02,2016-05-03
BAP 16-0081,008/MMB/SJA/16.02,2016-05-03
BAP 16-0081,008/MMB/SJA/16.02,2016-05-03
BAP 16-0081,008/MMB/SJA/16.02,2016-05-03
BAP 16-0082,008/MMB/SJA/16.03,2016-08-09
BAP 16-0082,008/MMB/SJA/16.03,2016-08-09
BAP 16-0082,008/MMB/SJA/16.03,2016-08-09
BAP 16-0082,008/MMB/SJA/16.03,2016-08-09
BAP 16-0083,024/MMB/PROM/16,2016-08-10
BAP 16-0084,025/MMB/PROM/16,2016-08-10
BAP 16-0085,003/MMB/TMN/16.02,2016-08-16
BAP 16-0086,010/MMB/GDG/16.04,2016-08-18
BAP 16-0087,016/MMB/PRS/16.02,2016-08-18
BAP 16-0088,028/MMB/PROM/16.01,2016-08-25
BAP 16-0091,026/MMB/PRS/16.01,2016-08-25
BAP 16-0091,026/MMB/PRS/16.01,2016-08-25
BAP 16-0093,031/MMB/GUD/16.01,2016-09-13
BAP 16-0094,017/MMB/GDG/16.03,2016-09-13
BAP 16-0096,021/MMB/TMN/16.01,2016-09-14
BAP 16-0097,009/MMB/DSA/16.03,2016-09-16
BAP 16-0098,027/MMB/PRS/16.01,2016-09-19
BAP 16-0099,040/MMB/PRS/15.03,2016-09-28
BAP 16-0099,040/MMB/PRS/15.03,2016-09-28
BAP 16-0100,016/MMB/PRS/16.03,2016-10-18
BAP 16-0100,016/MMB/PRS/16.03,2016-10-18
BAP 16-0100,016/MMB/PRS/16.03,2016-10-18
BAP 16-0100,016/MMB/PRS/16.03,2016-10-18
BAP 16-0101,026/MMB/PRS/16.02,2016-10-18
BAP 16-0101,026/MMB/PRS/16.02,2016-10-18
BAP 16-0102,034/MMB/PRS/16.01,2016-10-18
BAP 16-0103,038/MMB/PRS/16.01,2016-10-24
BAP 16-0104,017/MMB/GDG/16.04,2016-10-20
BAP 16-0104,017/MMB/GDG/16.04,2016-10-20
BAP 16-0107,034/MMB/PRS/15.03,2016-11-09
BAP 16-0108,047/MMB/PRS/16.01,2016-10-26
BAP 16-0110,043/MMB/TMN/16.01,2016-11-09
BAP 16-0111,019/MMB/PRS/16.02,2016-11-09
BAP 16-0114,033/SPK/EST/16.01,2016-11-10
BAP 16-0114,033/SPK/EST/16.01,2016-11-10
BAP 16-0115,035/MMB/TMN/16.01,2016-11-11
BAP 16-0115,035/MMB/TMN/16.01,2016-11-11
BAP 16-0117,030/MMB/TMN/16.01,2016-11-11
BAP 16-0118,044/MMB/PRS/16.01,2016-11-10
BAP 16-0119,036/MMB/PRS/16.01,2016-11-15
BAP 16-0119,036/MMB/PRS/16.01,2016-11-15
BAP 16-0119,036/MMB/PRS/16.01,2016-11-15
BAP 16-0120,006/MMB/PRS/15.04,2016-11-15
BAP 16-0120,006/MMB/PRS/15.04,2016-11-15
BAP 16-0121,007/MMB/PRS/15.05,2016-11-15
BAP 16-0121,007/MMB/PRS/15.05,2016-11-15
BAP 16-0121,007/MMB/PRS/15.05,2016-11-15
BAP 16-0121,007/MMB/PRS/15.05,2016-11-15
BAP 16-0122,007/MMB/PRS/16.04,2016-11-15
BAP 16-0122,007/MMB/PRS/16.04,2016-11-15
BAP 16-0123,031/MMB/GUD/16.02,2016-11-17
BAP 16-0125,032/MMB/GUD/16.01,2016-11-21
BAP 16-0125,032/MMB/GUD/16.01,2016-11-21
BAP 16-0125,032/MMB/GUD/16.01,2016-11-21
BAP 16-0125,032/MMB/GUD/16.01,2016-11-21
BAP 16-0125,032/MMB/GUD/16.01,2016-11-21
BAP 16-0126,054/MMB/PROM/16.01,2016-11-23
BAP 16-0127,053/MMB/PROM/16.01,2016-11-23
BAP 16-0128,007/MMB/PRS/16.05,2016-11-28
BAP 16-0128,007/MMB/PRS/16.05,2016-11-28
BAP 16-0128,007/MMB/PRS/16.05,2016-11-28
BAP 16-0128,007/MMB/PRS/16.05,2016-11-28
BAP 16-0130,051/MMB/PRS/16.01,2016-11-28
BAP 16-0130,051/MMB/PRS/16.01,2016-11-28
BAP 16-0130,051/MMB/PRS/16.01,2016-11-28
BAP 16-0130,051/MMB/PRS/16.01,2016-11-28
BAP 16-0130,051/MMB/PRS/16.01,2016-11-28
BAP 16-0130,051/MMB/PRS/16.01,2016-11-28
BAP 16-0131,040/MMB/GUD/16.01,2016-11-28
BAP 16-0133,052/MMB/TMN/16.01,2016-12-15
BAP 16-0134,037/MMB/TMN/16.01,2016-12-15
BAP 16-0134,037/MMB/TMN/16.01,2016-12-15
BAP 16-0136,033/SPK/EST/16.02,2016-12-19
BAP 16-0136,033/SPK/EST/16.02,2016-12-19
BAP 16-0138,040/MMB/GUD/16.02,2017-01-12
BAP 16-0139,041/MMB/GUD/16.01,2017-01-12
BAP 16-0140,042/MMB/GUD/16.01,2017-01-12
BAP 16-0141,023/MMB/GUD/16.01,2016-07-26
BAP 17-0001,031/MMB/GUD/16.03,2017-01-12
BAP 17-0001,031/MMB/GUD/16.03,2017-01-12
BAP 17-0001,031/MMB/GUD/16.03,2017-01-12
BAP 17-0002,037/MMB/PRS/16.03,2017-01-12
BAP 17-0003,056/PROM/MKT/16.01,2017-01-12
BAP 17-0004,050/MMB/PRS/16.01,2016-12-01
BAP 17-0005,050/MMB/PRS/16.02,2017-01-13
BAP 17-0006,057/MMB/TMN/16.01,2017-01-19
BAP 17-0008,014/MMB/PRS/16.03,2016-06-02
BAP 17-0008,014/MMB/PRS/16.03,2016-06-02
BAP 17-0009,014/MMB/PRS/16.04,2016-06-23
BAP 17-0010,030/MMB/TMN/16.02,2017-01-23
BAP 17-0012,029/MMB/TMN/16.01,2016-11-11
BAP 17-0014,029/MMB/TMN/16.02,2017-01-23
BAP 17-0014,029/MMB/TMN/16.02,2017-01-23
BAP 17-0014,029/MMB/TMN/16.02,2017-01-23
BAP 17-0016,042/MMB/PRS/15.04,2017-02-21
BAP 17-0017,033/SPK/EST/16.03,2017-01-30
BAP 17-0017,033/SPK/EST/16.03,2017-01-30
BAP 17-0018,046/MMB/GUD/16.01,2017-01-30
BAP 17-0018,046/MMB/GUD/16.01,2017-01-30
BAP 17-0019,048/MMB/GUD/16.01,2017-01-31
BAP 17-0019,048/MMB/GUD/16.01,2017-01-31
BAP 17-0020,049/MMB/GUD/16.01,2017-01-31
BAP 17-0021,023/MMB/GUD/16.02,2016-11-10
BAP 17-0022,023/MMB/GUD/16.03,2016-11-28
BAP 17-0023,023/MMB/GUD/16.04,2017-01-31
BAP 17-0023,023/MMB/GUD/16.04,2017-01-31
BAP 17-0024,014/MMB/PRS/16.05,2017-02-21
BAP 17-0025,013/MMB/POND/16.03,2017-02-21
BAP 17-0026,009/MMB/DSA/16.04,2017-02-21
BAP 17-0027,055/MMB/GUD/16.01,2017-02-02
BAP 17-0028,050/MMB/PRS/16.03,2017-02-06
BAP 17-0029,058/MMB/TMN/16.01,2017-02-14
BAP 17-0030,021/MMB/TMN/16.02,2017-02-14
BAP 17-0030,021/MMB/TMN/16.02,2017-02-14
BAP 17-0031,044/MMB/PRS/15.02,2017-02-21
BAP 17-0032,003/MMB/PRS/17.01,2017-02-21
BAP 17-0033,007/MMB/PROM/17.01,2017-02-23
BAP 17-0034,031/MMB/GUD/16.04,2017-02-23
BAP 17-0035,012/MMB/PRS/17.01,2017-02-28
BAP 17-0036,042/MMB/GUD/16.02,2017-03-01
BAP 17-0036,042/MMB/GUD/16.02,2017-03-01
BAP 17-0038,040/MMB/GUD/16.03,2017-03-02
BAP 17-0038,040/MMB/GUD/16.03,2017-03-02
BAP 17-0038,040/MMB/GUD/16.03,2017-03-02
BAP 17-0038,040/MMB/GUD/16.03,2017-03-02
BAP 17-0038,040/MMB/GUD/16.03,2017-03-02
BAP 17-0039,013/MMB/PRS/17.01,2017-03-03
BAP 17-0040,009/MMB/PROM/17.01,2017-03-06
BAP 17-0041,045/MMB/PRS/16.01,2016-11-18
BAP 17-0042,045/MMB/PRS/16.02,2016-12-19
BAP 17-0043,045/MMB/PRS/16.03,2017-03-09
BAP 17-0044,041/MMB/GUD/16.02,2017-03-07
BAP 17-0045,016/MMB/PRS/17.01,2017-03-15
BAP 17-0046,039/MMB/PRS/16.01,2016-12-05
BAP 17-0046,039/MMB/PRS/16.01,2016-12-05
BAP 17-0047,039/MMB/PRS/16.02,2017-03-15
BAP 17-0048,033/SPK/EST/16.04,2017-03-16
BAP 17-0048,033/SPK/EST/16.04,2017-03-16
BAP 17-0049,055/MMB/GUD/16.02,2017-03-16
BAP 17-0050,005/MMB/GUD/17.01,2017-03-16
BAP 17-0051,006/MMB/PRS/17.01,2017-03-16
BAP 17-0052,033/SPK/EST/16.05,2017-03-23
BAP 17-0052,033/SPK/EST/16.05,2017-03-23
BAP 17-0054,011/MMB/TMN/17.01,2017-03-24
BAP 17-0055,008/MMB/CONS/17.01,2017-03-29
BAP 17-0056,033/MMB/CONS/15.01,2017-03-29
BAP 17-0058,014/MMB/PRS/17.01,2017-04-04
BAP 17-0058,014/MMB/PRS/17.01,2017-04-04
BAP 17-0060,002/MMB/PRS/17.01,2017-04-06
BAP 17-0060,002/MMB/PRS/17.01,2017-04-06
BAP 17-0061,022/MMB/PRS/16.01,2017-09-08
BAP 17-0062,022/MMB/PRS/16.02,2017-04-06
BAP 17-0063,034/MMB/PRS/16.02,2017-04-12
BAP 17-0064,005/MMB/GUD/17.02,2017-04-13
BAP 17-0064,005/MMB/GUD/17.02,2017-04-13
BAP 17-0065,044/MMB/PRS/16.02,2017-04-12
BAP 17-0066,027/MMB/PRS/16.02,2017-04-12
BAP 17-0067,018/MMB/TMN/17.01,2017-04-17
BAP 17-0068,017/MMB/TMN/17.01,2017-04-17
BAP 17-0069,037/MMB/TMN/16.02,2017-04-20
BAP 17-0069,037/MMB/TMN/16.02,2017-04-20
BAP 17-0070,003/MMB/PRS/15.01,2017-04-26
BAP 17-0071,024/MMB/MKT/17.01,2017-04-26
BAP 17-0072,030/MMB/TMN/16.03,2017-04-28
BAP 17-0073,035/MMB/TMN/16.02,2017-04-28
BAP 17-0074,029/MMB/TMN/16.03,2017-04-28
BAP 17-0074,029/MMB/TMN/16.03,2017-04-28
BAP 17-0076,052/MMB/TMN/16.02,2017-05-04
BAP 17-0077,043/MMB/TMN/16.02,2017-05-04
BAP 17-0078,004/MMB/PRS/17.01,2017-04-04
BAP 17-0079,004/MMB/PRS/17.02,2017-06-07
BAP 17-0080,046/MMB/GUD/16.02,2017-05-10
BAP 17-0081,048/MMB/GUD/16.02,2017-05-10
BAP 17-0082,032/MMB/GUD/16.02,2017-05-10
BAP 17-0082,032/MMB/GUD/16.02,2017-05-10
BAP 17-0082,032/MMB/GUD/16.02,2017-05-10
BAP 17-0082,032/MMB/GUD/16.02,2017-05-10
BAP 17-0082,032/MMB/GUD/16.02,2017-05-10
BAP 17-0082,032/MMB/GUD/16.02,2017-05-10
BAP 17-0082,032/MMB/GUD/16.02,2017-05-10
BAP 17-0082,032/MMB/GUD/16.02,2017-05-10
BAP 17-0082,032/MMB/GUD/16.02,2017-05-10
BAP 17-0083,019/MMB/PRS/17.01,2017-05-16
BAP 17-0084,055/MMB/GUD/16.03,2017-05-16
BAP 17-0084,055/MMB/GUD/16.03,2017-05-16
BAP 17-0085,039/MMB/PRS/16.03,2017-05-17
BAP 17-0086,021/MMB/GUD/17.01,2017-05-18
BAP 17-0086,021/MMB/GUD/17.01,2017-05-18
BAP 17-0087,005/MMB/GUD/17.03,2017-05-18
BAP 17-0088,035/MMB/GDG/15.05,2017-05-18
BAP 17-0089,033/SPK/EST/16.06,2017-05-24
BAP 17-0089,033/SPK/EST/16.06,2017-05-24
BAP 17-0090,022/MMB/TMN/17.01,2017-06-06
BAP 17-0090,022/MMB/TMN/17.01,2017-06-06
BAP 17-0091,001/MMB/GUD/17.02,2017-06-14
BAP 17-0092,015/MMB/GUD/16.01,2016-09-06
BAP 17-0092,015/MMB/GUD/16.01,2016-09-06
BAP 17-0093,015/MMB/GUD/16.02,2016-10-17
BAP 17-0094,015/MMB/GUD/16.03,2016-12-19
BAP 17-0095,015/MMB/GUD/16.04,2017-06-14
BAP 17-0095,015/MMB/GUD/16.04,2017-06-14
BAP 17-0096,015/MMB/GUD/17.01,2017-07-13
BAP 17-0096,015/MMB/GUD/17.01,2017-07-13
BAP 17-0097,042/MMB/GUD/16.03,2017-07-13
BAP 17-0098,049/MMB/GUD/16.02,2017-07-13
BAP 17-0099,010/MMB/PRS/17.01,2017-07-13
BAP 17-0100,029/MMB/PRS/17.01,2017-07-19
BAP 17-0101,037/MMB/PRS/17.01,2017-07-20
BAP 17-0102,034/MMB/PRS/17.01,2017-07-20
BAP 17-0103,027/MMB/PRS/17.01,2017-07-20
BAP 17-0104,035/MMB/PRS/17.01,2017-07-20
BAP 17-0105,028/MMB/PRS/17.01,2017-07-20
BAP 17-0106,022/MMB/TMN/17.02,2017-07-20
BAP 17-0106,022/MMB/TMN/17.02,2017-07-20
BAP 17-0107,020/MMB/PRS/16.02,2017-07-25
BAP 17-0107,020/MMB/PRS/16.02,2017-07-25
BAP 17-0107,020/MMB/PRS/16.02,2017-07-25
BAP 17-0107,020/MMB/PRS/16.02,2017-07-25
BAP 17-0107,020/MMB/PRS/16.02,2017-07-25
BAP 17-0108,031/MMB/GUD/17.01,2017-07-27
BAP 17-0109,015/MMB/GUD/17.02,2017-08-01
BAP 17-0110,042/MMB/GUD/16.04,2017-08-01
BAP 17-0111,041/MMB/GUD/16.03,2017-08-01
BAP 17-0111,041/MMB/GUD/16.03,2017-08-01
BAP 17-0111,041/MMB/GUD/16.03,2017-08-01
BAP 17-0111,041/MMB/GUD/16.03,2017-08-01
BAP 17-0111,041/MMB/GUD/16.03,2017-08-01
BAP 17-0111,041/MMB/GUD/16.03,2017-08-01
BAP 17-0111,041/MMB/GUD/16.03,2017-08-01
BAP 17-0111,041/MMB/GUD/16.03,2017-08-01
BAP 17-0112,049/MMB/GUD/16.03,2017-08-01
BAP 17-0112,049/MMB/GUD/16.03,2017-08-01
BAP 17-0113,026/MMB/PRS/17.01,2017-08-03
BAP 17-0114,036/MMB/TMN/17.01,2017-08-18
BAP 17-0115,038/MMB/PRS/17.01,2017-08-17
BAP 17-0116,039/MMB/PRS/17.01,2017-08-18
BAP 17-0117,040/MMB/PRS/17.01,2017-08-22
BAP 17-0118,016/MMB/PRS/16.04,2017-08-22
BAP 17-0119,023/MMB/MO/17.01,2017-08-22
BAP 17-0119,023/MMB/MO/17.01,2017-08-22
BAP 17-0119,023/MMB/MO/17.01,2017-08-22
BAP 17-0119,023/MMB/MO/17.01,2017-08-22
BAP 17-0119,023/MMB/MO/17.01,2017-08-22
BAP 17-0121,005/MMB/GUD/17.0,2017-08-29
BAP 17-0122,047/MMB/PRS/17.01,2017-11-16
BAP 17-0122,047/MMB/PRS/17.01,2017-11-16
BAP 17-0122,047/MMB/PRS/17.01,2017-11-16
BAP 17-0122,047/MMB/PRS/17.01,2017-11-16
BAP 17-0122,047/MMB/PRS/17.01,2017-11-16
BAP 17-0122,047/MMB/PRS/17.01,2017-11-16
BAP 17-0124,017/MMB/TMN/17.02,2017-09-04
BAP 17-0125,011/MMB/TMN/17.02,2017-09-04
BAP 17-0126,018/MMB/TMN/17.02,2017-09-04
BAP 17-0127,030/MMB/GUD/17.01,2017-09-05
BAP 17-0127,030/MMB/GUD/17.01,2017-09-05
BAP 17-0127,030/MMB/GUD/17.01,2017-09-05
BAP 17-0128,032/MMB/GUD/17.01,2017-09-05
BAP 17-0128,032/MMB/GUD/17.01,2017-09-05
BAP 17-0128,032/MMB/GUD/17.01,2017-09-05
BAP 17-0129,023/MMB/GUD/16.05,2017-09-06
BAP 17-0130,001/MMB/GUD/17.01,2017-05-04
BAP 17-0130,001/MMB/GUD/17.01,2017-05-04
BAP 17-0131,026/MMB/PRS/16.03,2017-09-07
BAP 17-0132,010/MMB/GDG/16.05,2017-09-07
BAP 17-0133,050/SPK/EST/17.01,2017-09-08
BAP 17-0133,050/SPK/EST/17.01,2017-09-08
BAP 17-0134,051/SPK/EST/17.01,2017-09-07
BAP 17-0134,051/SPK/EST/17.01,2017-09-07
BAP 17-0135,052/MMB/PRS/17.01,2017-09-11
BAP 17-0136,022/MMB/PRS/16.03,2017-09-13
BAP 17-0137,042/MMB/PRS/17.01,2017-09-13
BAP 17-0138,043/MMB/PRS/17.01,2017-09-13
BAP 17-0139,005/MMB/GUD/16.05,2017-09-14
BAP 17-0140,015/MMB/GUD/17.03,2017-09-14
BAP 17-0140,015/MMB/GUD/17.03,2017-09-14
BAP 17-0141,045/MMB/PRS/17.01,2017-09-14
BAP 17-0142,049/MMB/PRS/17.01,2017-09-19
BAP 17-0142,049/MMB/PRS/17.01,2017-09-19
BAP 17-0143,048/MMB/PRS/17.01,2017-09-19
BAP 17-0144,022/MMB/PRS/17.03,2017-09-19
BAP 17-0144,022/MMB/PRS/17.03,2017-09-19
BAP 17-0145,031/MMB/GUD/17.02,2017-10-03
BAP 17-0145,031/MMB/GUD/17.02,2017-10-03
BAP 17-0146,010/MMB/GDG/16.06,2017-10-03
BAP 17-0147,022/MMB/TMN/17.04,2017-10-09
BAP 17-0147,022/MMB/TMN/17.04,2017-10-09
BAP 17-0148,056/MMB/PRS/17.01,2017-10-11
BAP 17-0149,020/MMB/GDG/17.01,2017-10-12
BAP 17-0149,020/MMB/GDG/17.01,2017-10-12
BAP 17-0150,046/MMB/GDG/17.01,2017-10-19
BAP 17-0150,046/MMB/GDG/17.01,2017-10-19
BAP 17-0151,001/MMB/GUD/17.03,2017-10-19
BAP 17-0152,015/MMB/GUD/17.04,2017-10-24
BAP 17-0152,015/MMB/GUD/17.04,2017-10-24
BAP 17-0152,015/MMB/GUD/17.04,2017-10-24
BAP 17-0153,055/MMB/PROMOSI/17.0,2017-10-24
BAP 17-0154,022/MMB/TMN/17.05,2017-10-26
BAP 17-0154,022/MMB/TMN/17.05,2017-10-26
BAP 17-0155,042/MMB/GUD/16.05,2017-11-02
BAP 17-0156,049/MMB/GUD/16.04,2017-11-02
BAP 17-0156,049/MMB/GUD/16.04,2017-11-02
BAP 17-0157,031/MMB/GUD/17.03,2017-11-02
BAP 17-0158,055/MMB/GUD/16.04,2017-11-02
BAP 17-0158,055/MMB/GUD/16.04,2017-11-02
BAP 17-0159,051/SPK/EST/17.02,2017-11-09
BAP 17-0159,051/SPK/EST/17.02,2017-11-09
BAP 17-0160,051/SPK/EST/17.03,2017-11-09
BAP 17-0160,051/SPK/EST/17.03,2017-11-09
BAP 17-0161,053/MMB/PRS/17.01,2017-11-09
BAP 17-0162,050/SPK/EST/17.02,2017-11-09
BAP 17-0162,050/SPK/EST/17.02,2017-11-09
BAP 17-0163,050/SPK/EST/17.03,2017-11-09
BAP 17-0163,050/SPK/EST/17.03,2017-11-09
BAP 17-0164,036/MMB/TMN/17.02,2017-11-09
BAP 17-0165,057/MMB/TMN/16.02,2017-11-09
BAP 17-0166,058/MMB/TMN/16.02,2017-11-09
BAP 17-0167,025/MMB/PRS/17.01,2017-11-14
BAP 17-0167,025/MMB/PRS/17.01,2017-11-14
BAP 17-0167,025/MMB/PRS/17.01,2017-11-14
BAP 17-0167,025/MMB/PRS/17.01,2017-11-14
BAP 17-0167,025/MMB/PRS/17.01,2017-11-14
BAP 17-0167,025/MMB/PRS/17.01,2017-11-14
BAP 17-0167,025/MMB/PRS/17.01,2017-11-14
BAP 17-0167,025/MMB/PRS/17.01,2017-11-14
BAP 17-0168,044/MMB/PRS/17.01,2017-11-14
BAP 17-0168,044/MMB/PRS/17.01,2017-11-14
BAP 17-0168,044/MMB/PRS/17.01,2017-11-14
BAP 17-0168,044/MMB/PRS/17.01,2017-11-14
BAP 17-0168,044/MMB/PRS/17.01,2017-11-14
BAP 17-0168,044/MMB/PRS/17.01,2017-11-14
BAP 17-0169,046/MMB/GUD/16.03,2017-11-14
BAP 17-0170,014/MMB/PRS/17.02,2017-11-16
BAP 17-0170,014/MMB/PRS/17.02,2017-11-16
BAP 17-0171,058/MMB/PRS/17.01,2017-11-16
BAP 17-0172,004/MMB/PRS/17.03,2017-11-23
BAP 17-0172,004/MMB/PRS/17.03,2017-11-23
BAP 17-0172,004/MMB/PRS/17.03,2017-11-23
BAP 17-0172,004/MMB/PRS/17.03,2017-11-23
BAP 17-0172,004/MMB/PRS/17.03,2017-11-23
BAP 17-0173,057/MMB/GDG/17.01,2017-11-23
BAP 17-0174,031/MMB/GUD/17.04,2017-11-29
BAP 17-0175,050/SPK/EST/17.04,2017-11-29
BAP 17-0175,050/SPK/EST/17.04,2017-11-29
BAP 17-0176,051/SPK/EST/17.04,2017-11-29
BAP 17-0176,051/SPK/EST/17.04,2017-11-29
BAP 17-0177,041/MMB/TMN/17.01,2017-11-29
BAP 17-0177,041/MMB/TMN/17.01,2017-11-29
BAP 17-0178,040/MMB/GUD/16.04,2017-11-30
BAP 17-0179,032/MMB/GUD/17.02,2017-11-30
BAP 17-0179,032/MMB/GUD/17.02,2017-11-30
BAP 17-0180,030/MMB/GUD/17.02,2017-11-30
BAP 17-0180,030/MMB/GUD/17.02,2017-11-30
BAP 17-0181,011/MMB/PRS/16.04,2017-12-06
BAP 17-0181,011/MMB/PRS/16.04,2017-12-06
BAP 17-0181,011/MMB/PRS/16.04,2017-12-06
BAP 17-0181,011/MMB/PRS/16.04,2017-12-06
BAP 17-0181,011/MMB/PRS/16.04,2017-12-06
BAP 17-0181,011/MMB/PRS/16.04,2017-12-06
BAP 17-0181,011/MMB/PRS/16.04,2017-12-06
BAP 17-0182,007/MMB/PRS/16.06,2017-12-06
BAP 17-0182,007/MMB/PRS/16.06,2017-12-06
BAP 17-0182,007/MMB/PRS/16.06,2017-12-06
BAP 17-0182,007/MMB/PRS/16.06,2017-12-06
BAP 17-0182,007/MMB/PRS/16.06,2017-12-06
BAP 17-0183,008/MMB/SJA/16.04,2017-12-06
BAP 17-0183,008/MMB/SJA/16.04,2017-12-06
BAP 17-0183,008/MMB/SJA/16.04,2017-12-06
BAP 17-0184,051/MMB/PRS/16.02,2017-12-06
BAP 17-0185,020/MMB/GDG/17.02,2017-12-06
BAP 17-0185,020/MMB/GDG/17.02,2017-12-06
BAP 17-0185,020/MMB/GDG/17.02,2017-12-06
BAP 17-0186,046/MMB/GDG/17.02,2017-12-12
BAP 17-0186,046/MMB/GDG/17.02,2017-12-12
BAP 17-0187,021/MMB/GUD/17.02,2017-12-12
BAP 17-0187,021/MMB/GUD/17.02,2017-12-12
BAP 17-0187,021/MMB/GUD/17.02,2017-12-12
BAP 17-0187,021/MMB/GUD/17.02,2017-12-12
BAP 18-0001,006/MMB/GUD/16.04,2018-01-11
BAP 18-0002,016/MMB/PRS/16.05,2018-01-11
BAP 18-0003,023/MMB/GUD/16.06,2018-01-11
BAP 18-0004,059/SPK/EST/17.01,2018-01-16
BAP 18-0004,059/SPK/EST/17.01,2018-01-16
BAP 18-0005,059/SPK/EST/17.02,2018-01-16
BAP 18-0005,059/SPK/EST/17.02,2018-01-16
BAP 18-0006,050/SPK/EST/17.05,2018-01-16
BAP 18-0006,050/SPK/EST/17.05,2018-01-16
BAP 18-0007,054/MMB/TMN/17.01,2018-01-16
BAP 18-0008,060/MMB/TMN/17.01,2018-01-16
BAP 18-0008,060/MMB/TMN/17.01,2018-01-16
BAP 18-0009,002/MMB/PRS/18.01,2018-01-16
BAP 18-0010,005/MMB/GUD/17.05,2018-01-18
BAP 18-0011,048/MMB/GUD/16.03,2018-01-18
BAP 18-0011,048/MMB/GUD/16.03,2018-01-18
BAP 18-0011,048/MMB/GUD/16.03,2018-01-18
BAP 18-0012,020/MMB/GDG/17.03,2018-01-18
BAP 18-0013,061/MMB/PRS/17.01,2018-01-22
BAP 18-0014,048/MMB/PRS/17.02,2018-01-24
BAP 18-0015,031/MMB/GUD/16.06,2018-01-30
BAP 18-0016,017/MMB/GDG/16.05,2018-01-30
BAP 18-0017,010/MMB/GDG/16.07,2018-02-05
BAP 18-0018,001/MMB/GUD/17.04,2018-02-08
BAP 18-0018,001/MMB/GUD/17.04,2018-02-08
BAP 18-0019,030/MMB/GUD/17.03,2018-02-22
BAP 18-0020,032/MMB/GUD/17.03,2018-02-22
BAP 18-0021,046/MMB/GDG/17.03,2018-02-22
BAP 18-0021,046/MMB/GDG/17.03,2018-02-22
BAP 18-0022,057/MMB/GDG/17.02,2018-02-22
BAP 18-0022,057/MMB/GDG/17.02,2018-02-22
BAP 18-0022,057/MMB/GDG/17.02,2018-02-22
BAP 18-0023,003/MMB/PRS/18.01,2018-02-22
BAP 18-0024,020/MMB/GDG/17.04,2018-02-22
BAP 18-0025,023/MMB/MO/17.02,2018-02-27
BAP 18-0026,005/MMB/PROM/18.01,2018-03-05
BAP 18-0027,004/MMB/PRS/18.01,2018-03-06
BAP 18-0028,049/MMB/GUD/16.05,2018-03-07
BAP 18-0029,005/MMB/GUD/16.06,2018-03-07
BAP 18-0030,041/MMB/TMN/17.02,2018-03-07
BAP 18-0030,041/MMB/TMN/17.02,2018-03-07
BAP 18-0031,041/MMB/TMN/17.03,2018-03-07
BAP 18-0031,041/MMB/TMN/17.03,2018-03-07
BAP 18-0032,015/MMB/GUD/16.05,2018-03-08
BAP 18-0033,059/SPK/EST/17.03,2018-03-13
BAP 18-0033,059/SPK/EST/17.03,2018-03-13
BAP 18-0034,050/MMB/GUD/16.05,2018-03-15
BAP 18-0035,042/MMB/GUD/16.06,2018-03-15
BAP 18-0036,015/MMB/GUD/16.06,2018-03-15
BAP 18-0037,062/SPK/EST/17.01,2018-03-29
BAP 18-0037,062/SPK/EST/17.01,2018-03-29
BAP 18-0038,040/MMB/GUD/16.05,2018-03-28
BAP 18-0039,007/MMB/PROM/18.01,2018-04-03
BAP 18-0040,062/SPK/EST/17.02,2018-04-03
BAP 18-0040,062/SPK/EST/17.02,2018-04-03
BAP 18-0041,059/SPK/EST/17.04,2018-04-03
BAP 18-0041,059/SPK/EST/17.04,2018-04-03
BAP 18-0042,060/MMB/EST/17.02,2018-04-03
BAP 18-0042,060/MMB/EST/17.02,2018-04-03
BAP 18-0043,060/MMB/EST/17.03,2018-04-03
BAP 18-0043,060/MMB/EST/17.03,2018-04-03
BAP 18-0044,060/MMB/EST/17.04,2018-04-03
BAP 18-0044,060/MMB/EST/17.04,2018-04-03
BAP 18-0045,001/MMB/GUD/18.01,2018-04-05
BAP 18-0045,001/MMB/GUD/18.01,2018-04-05
BAP 18-0045,001/MMB/GUD/18.01,2018-04-05
BAP 18-0045,001/MMB/GUD/18.01,2018-04-05
BAP 18-0046,039/MMB/PRS/16.04,2018-04-17
BAP 18-0046,039/MMB/PRS/16.04,2018-04-17
BAP 18-0046,039/MMB/PRS/16.04,2018-04-17
BAP 18-0046,039/MMB/PRS/16.04,2018-04-17
BAP 18-0046,039/MMB/PRS/16.04,2018-04-17
BAP 18-0046,039/MMB/PRS/16.04,2018-04-17
BAP 18-0047,059/SPK/EST/17.05,2018-04-18
BAP 18-0047,059/SPK/EST/17.05,2018-04-18
BAP 18-0048,012/MMB/PRS/18.01,2018-04-23
BAP 18-0049,046/MMB/GUD/16.04,2018-04-24
BAP 18-0050,006/MMB/PRS/18.01,2018-04-24
BAP 18-0051,032/MMB/GUD/16.04,2018-04-24
BAP 18-0052,062/SPK/EST/17.03,2018-05-03
BAP 18-0052,062/SPK/EST/17.03,2018-05-03
BAP 18-0053,060/MMB/EST/17.05,2018-05-03
BAP 18-0053,060/MMB/EST/17.05,2018-05-03
BAP 18-0054,021/MMB/GUD/17.03,2018-05-07
BAP 18-0055,048/MMB/GUD/16.04,2018-05-07
BAP 18-0056,035/MMB/GDG/15.06,2018-05-07
BAP 18-0057,008/MMB/GUD/18.01,2018-05-07
BAP 18-0057,008/MMB/GUD/18.01,2018-05-07
BAP 18-0057,008/MMB/GUD/18.01,2018-05-07
BAP 18-0059,059/SPK/EST/17.06,2018-05-14
BAP 18-0059,059/SPK/EST/17.06,2018-05-14
BAP 18-0060,045/MMB/PRS/17.02,2018-05-16
BAP 18-0061,VOUCHER 18-0001,2018-05-17
BAP 18-0064,"009/MMB/PRS/18,01",2018-05-18
BAP 18-0065,017/MMB/PRS/18.01,2018-05-18
BAP 18-0066,005/MMB/GUD/17.04,2018-05-21
BAP 18-0067,011/MMB/TMN/18.01,2018-05-22
BAP 18-0068,015/MMB/GUD/18.01,2018-05-25
BAP 18-0069,019/MMB/PRS/18.01,2018-06-08
BAP 18-0070,018/MMB/PRS/18.01,2018-06-08
BAP 18-0071,004/MMB/PRS/17.04,2018-06-28
BAP 18-0071,004/MMB/PRS/17.04,2018-06-28
BAP 18-0072,014/MMB/PRS/17.03,2018-06-28
BAP 18-0072,014/MMB/PRS/17.03,2018-06-28
BAP 18-0072,014/MMB/PRS/17.03,2018-06-28
BAP 18-0073,050/MMB/PRS/16.04,2018-06-28
BAP 18-0074,004/MMB/PRS/18.02,2018-07-03
BAP 18-0075,059/SPK/EST/17.07,2018-07-04
BAP 18-0075,059/SPK/EST/17.07,2018-07-04
BAP 18-0076,022/MMB/PRS/18.01,2018-07-05
BAP 18-0077,023/MMB/GUD/16.07,2018-07-11
BAP 18-0078,006/MMB/GUD/16.05,2018-07-11
BAP 18-0079,021/MMB/GUD/18.01,2018-07-12
BAP 18-0081,013/MMB/GDG/18.01,2018-07-12
BAP 18-0082,013/MMB/GDG/18.02,2018-07-12
BAP 18-0083,014/MMB/PRS/18.01,2018-07-12
BAP 18-0084,008/MMB/GUD/18.02,2018-07-23
BAP 18-0084,008/MMB/GUD/18.02,2018-07-23
BAP 18-0085,001/MMB/GUD/18.02,2018-07-23
BAP 18-0086,062/SPK/EST/17.04,2018-07-31
BAP 18-0086,062/SPK/EST/17.04,2018-07-31
BAP 18-0087,062/SPK/EST/17.05,2018-07-31
BAP 18-0087,062/SPK/EST/17.05,2018-07-31
BAP 18-0088,062/SPK/EST/17.06,2018-07-31
BAP 18-0088,062/SPK/EST/17.06,2018-07-31
BAP 18-0089,060/MMB/EST/17.06,2018-07-31
BAP 18-0089,060/MMB/EST/17.06,2018-07-31
BAP 18-0090,060/MMB/EST/17.07,2018-07-31
BAP 18-0090,060/MMB/EST/17.07,2018-07-31
BAP 18-0091,010/MMB/PRS/18.01,2018-08-02
BAP 18-0092,015/MMB/GUD/18.02,2018-08-09
BAP 18-0093,013/MMB/GDG/18.03,2018-08-10
BAP 18-0094,031/MMB/GUD/16.07,2018-08-10
BAP 18-0095,057/MMB/GDG/17.03,2018-08-10
BAP 18-0095,057/MMB/GDG/17.03,2018-08-10
BAP 18-0096,059/SPK/EST/17.08,2018-08-14
BAP 18-0096,059/SPK/EST/17.08,2018-08-14
BAP 18-0097,027/MMB/EST/18.01,2018-08-23
BAP 18-0097,027/MMB/EST/18.01,2018-08-23
BAP 18-0098,062/SPK/EST/17.07,2018-08-27
BAP 18-0098,062/SPK/EST/17.07,2018-08-27
BAP 18-0099,059/SPK/EST/17.09,2018-08-27
BAP 18-0099,059/SPK/EST/17.09,2018-08-27
BAP 18-0100,030/MMB/GUD/17.04,2018-09-10
BAP 18-0101,046/MMB/GDG/17.04,2018-09-10
BAP 18-0102,031/MMB/GUD/16.08,2018-09-10
BAP 18-0103,032/MMB/GUD/17.04,2018-09-10
BAP 18-0104,055/MMB/GUD/16.05,2018-09-12
BAP 18-0105,060/MMB/EST/17.08,2018-09-18
BAP 18-0105,060/MMB/EST/17.08,2018-09-18
BAP 18-0106,060/MMB/EST/17.09,2018-09-18
BAP 18-0106,060/MMB/EST/17.09,2018-09-18
BAP 18-0108,007/MMB/PROM/18.02,2018-09-20
BAP 18-0109,013/MMB/GDG/18.04,2018-09-20
BAP 18-0110,015/MMB/GUD/18.03,2018-09-20
BAP 18-0111,030/SPK/EST/18.01,2018-09-26
BAP 18-0112,015/MMB/GUD/16.07,2018-09-26
BAP 18-0113,023/MMB/MO/17.03,2018-09-26
BAP 18-0114,001/MMB/GUD/17.05,2018-09-26
BAP 18-0115,020/MMB/GDG/17.05,2018-09-26